timestamp,project_name,run_id,duration,emissions,emissions_rate,cpu_power,gpu_power,ram_power,cpu_energy,gpu_energy,ram_energy,energy_consumed,country_name,country_iso_code,region,cloud_provider,cloud_region,os,python_version,cpu_count,cpu_model,gpu_count,gpu_model,longitude,latitude,ram_total_size,tracking_mode,on_cloud
2023-01-13T16:12:01,E0_NaiveBayes_GloVe,883cb667-bfc3-4fce-a021-d0f32b3bb308,8.250780820846558,0.0001315838553885,0.0159480488266189,58.916034416943496,37.662,94.24320173263553,0.0001350211719057,8.627010899066926e-05,0.0002158643848464,0.0004371556657428,Germany,DEU,land berlin,,,Linux-5.15.0-57-generic-x86_64-with-glibc2.35,3.10.6,32,AMD EPYC 7302P 16-Core Processor,1,1 x Tesla V100S-PCIE-32GB,13.4069,52.5196,251.31520462036133,machine,N
2023-01-13T16:12:16,E0_LogReg_GloVe,62b27606-aee0-4aa5-8adc-1b14c9606751,9.402705907821655,0.0001525247113763,0.0162213636023103,62.523040739867824,37.369,94.24320173263553,0.0001632978414715,9.751338923507264e-05,0.0002459153851617,0.0005067266158683,Germany,DEU,land berlin,,,Linux-5.15.0-57-generic-x86_64-with-glibc2.35,3.10.6,32,AMD EPYC 7302P 16-Core Processor,1,1 x Tesla V100S-PCIE-32GB,13.4069,52.5196,251.31520462036133,machine,N
2023-01-13T16:12:32,E0_SVM_GloVe,be6e6122-cfc5-4270-a082-8198e65cddb8,10.349056959152222,0.0001620450075543,0.0156579491439633,67.80238137098968,25.276,94.24320173263553,0.0001949098912055,7.263438730557759e-05,0.000270811228314,0.0005383555068252,Germany,DEU,land berlin,,,Linux-5.15.0-57-generic-x86_64-with-glibc2.35,3.10.6,32,AMD EPYC 7302P 16-Core Processor,1,1 x Tesla V100S-PCIE-32GB,13.4069,52.5196,251.31520462036133,machine,N
2023-01-13T16:13:51,E0_XGBoost_GloVe,4ff8c663-60ec-4a42-b8b7-ff4ff772e8d3,73.33747410774231,0.0012305606799423,0.0167794254562748,84.11522117978164,24.592,94.24320173263553,0.001665652685021,0.0005042620609234,0.0019183267156579,0.0040882414616024,Germany,DEU,land berlin,,,Linux-5.15.0-57-generic-x86_64-with-glibc2.35,3.10.6,32,AMD EPYC 7302P 16-Core Processor,1,1 x Tesla V100S-PCIE-32GB,13.4069,52.5196,251.31520462036133,machine,N
2023-01-13T16:14:06,E0_RandomForest_GloVe,4d842785-c8df-47ea-8851-d1dd0625aa26,9.21066403388977,0.0001380869831092,0.0149920768579969,60.502449085333154,24.69,94.24320173263553,0.00015479325439,6.310404971440634e-05,0.0002408634371223,0.0004587607412267,Germany,DEU,land berlin,,,Linux-5.15.0-57-generic-x86_64-with-glibc2.35,3.10.6,32,AMD EPYC 7302P 16-Core Processor,1,1 x Tesla V100S-PCIE-32GB,13.4069,52.5196,251.31520462036133,machine,N
2023-01-13T16:14:37,E0_AdaBoost_GloVe,2c672579-10c2-403e-89bb-3154ca431512,26.434847116470337,0.000432901190441,0.0163761563868229,85.51464665764155,24.592,94.24320173263553,0.0005664024106215,0.0001804174072424,0.0006913901171561,0.0014382099350201,Germany,DEU,land berlin,,,Linux-5.15.0-57-generic-x86_64-with-glibc2.35,3.10.6,32,AMD EPYC 7302P 16-Core Processor,1,1 x Tesla V100S-PCIE-32GB,13.4069,52.5196,251.31520462036133,machine,N
2023-01-13T16:14:43,E0_NaiveBayes_Tf-idf,063a6a2b-e866-4d13-aee5-d13b83b62890,0.1330931186676025,1.7496569105141697e-06,0.0131461109937915,56.31149043939489,24.579,94.24320173263553,2.0781836069863613e-06,7.747202098369598e-07,2.959909839369933e-06,5.812813656193255e-06,Germany,DEU,land berlin,,,Linux-5.15.0-57-generic-x86_64-with-glibc2.35,3.10.6,32,AMD EPYC 7302P 16-Core Processor,1,1 x Tesla V100S-PCIE-32GB,13.4069,52.5196,251.31520462036133,machine,N
2023-01-13T16:14:50,E0_LogReg_Tf-idf,bf6e6baa-ba00-444c-9c3b-4c1efe0396a0,1.0846102237701416,1.857309325597537e-05,0.0171242100147412,86.72668028635785,24.497,94.24320173263553,2.612370895450564e-05,7.342632705238132e-06,2.8238287097649487e-05,6.170462875739325e-05,Germany,DEU,land berlin,,,Linux-5.15.0-57-generic-x86_64-with-glibc2.35,3.10.6,32,AMD EPYC 7302P 16-Core Processor,1,1 x Tesla V100S-PCIE-32GB,13.4069,52.5196,251.31520462036133,machine,N
2023-01-13T16:15:00,E0_SVM_Tf-idf,19f1c03c-fd8d-4853-b4f1-c72310918ed4,4.683540344238281,7.732383608355388e-05,0.0165096978781613,79.13329330973683,24.592,94.24320173263553,0.0001029461559679,3.1859629818598426e-05,0.000122084035089,0.0002568898208755,Germany,DEU,land berlin,,,Linux-5.15.0-57-generic-x86_64-with-glibc2.35,3.10.6,32,AMD EPYC 7302P 16-Core Processor,1,1 x Tesla V100S-PCIE-32GB,13.4069,52.5196,251.31520462036133,machine,N
2023-01-13T16:15:25,E0_XGBoost_Tf-idf,8a0b929c-9184-4c6b-97a1-8209bdd00574,19.72504138946533,0.0003418325440408,0.017329877149126,84.45721433396761,24.494000000000003,94.24320173263553,0.0004854207905585,0.0001344634917142,0.0005157720102217,0.0011356562924945,Germany,DEU,land berlin,,,Linux-5.15.0-57-generic-x86_64-with-glibc2.35,3.10.6,32,AMD EPYC 7302P 16-Core Processor,1,1 x Tesla V100S-PCIE-32GB,13.4069,52.5196,251.31520462036133,machine,N
2023-01-13T16:15:31,E0_RandomForest_Tf-idf,f6532991-9fb9-44ff-9062-61319467eefa,0.3997375965118408,6.346119901390724e-06,0.0158757143605398,74.28341734033067,24.592,94.24320173263553,8.243742983878017e-06,2.658995615641276e-06,1.01807162223768e-05,2.108345482189609e-05,Germany,DEU,land berlin,,,Linux-5.15.0-57-generic-x86_64-with-glibc2.35,3.10.6,32,AMD EPYC 7302P 16-Core Processor,1,1 x Tesla V100S-PCIE-32GB,13.4069,52.5196,251.31520462036133,machine,N
2023-01-13T16:15:42,E0_AdaBoost_Tf-idf,3402067a-fa3b-4169-beba-646c581fed24,5.296993732452393,9.11483134229554e-05,0.0172075554600959,87.48525387722583,24.494000000000003,94.24320173263553,0.0001287192782531,3.591652122365104e-05,0.000138182517543,0.0003028183170197,Germany,DEU,land berlin,,,Linux-5.15.0-57-generic-x86_64-with-glibc2.35,3.10.6,32,AMD EPYC 7302P 16-Core Processor,1,1 x Tesla V100S-PCIE-32GB,13.4069,52.5196,251.31520462036133,machine,N
2023-01-13T16:15:48,E0_NaiveBayes_SentEmbeddings,96a295fe-9e06-43f1-a835-e26ec64738d6,0.4032156467437744,6.235068050550169e-06,0.0154633583813087,67.41361858066922,24.586,94.24320173263553,7.546434926032023e-06,2.7266103114022154e-06,1.04414665584135e-05,2.071451179584774e-05,Germany,DEU,land berlin,,,Linux-5.15.0-57-generic-x86_64-with-glibc2.35,3.10.6,32,AMD EPYC 7302P 16-Core Processor,1,1 x Tesla V100S-PCIE-32GB,13.4069,52.5196,251.31520462036133,machine,N
2023-01-13T16:15:58,E0_LogReg_SentEmbeddings,024b4d5a-1833-4b74-b598-f8c7ace9da03,4.815848112106323,8.194501790253583e-05,0.017015698168831,84.77168317751091,24.602000000000004,94.24320173263553,0.0001133971568287,3.2884478061861465e-05,0.0001259609495031,0.0002722425843938,Germany,DEU,land berlin,,,Linux-5.15.0-57-generic-x86_64-with-glibc2.35,3.10.6,32,AMD EPYC 7302P 16-Core Processor,1,1 x Tesla V100S-PCIE-32GB,13.4069,52.5196,251.31520462036133,machine,N
2023-01-13T16:16:41,E0_SVM_SentEmbeddings,31c1e80d-2a67-4690-874c-7536577338c4,37.96206092834473,0.0006289035403123,0.0165666332367854,74.27731300909511,24.69,94.24320173263553,0.0008365448597909,0.0002598169917903,0.000993018681018,0.0020893805325993,Germany,DEU,land berlin,,,Linux-5.15.0-57-generic-x86_64-with-glibc2.35,3.10.6,32,AMD EPYC 7302P 16-Core Processor,1,1 x Tesla V100S-PCIE-32GB,13.4069,52.5196,251.31520462036133,machine,N
2023-01-13T16:20:49,E0_XGBoost_SentEmbeddings,5a9b06e5-2233-4bfd-b194-e2b9afb2e6a3,242.27317452430725,0.0041751555870997,0.0172332557878001,57.6551537062145,25.08,94.24320173263553,0.0058555271905291,0.0016777835994299,0.0063376380043922,0.0138709487943512,Germany,DEU,land berlin,,,Linux-5.15.0-57-generic-x86_64-with-glibc2.35,3.10.6,32,AMD EPYC 7302P 16-Core Processor,1,1 x Tesla V100S-PCIE-32GB,13.4069,52.5196,251.31520462036133,machine,N
2023-01-13T16:20:57,E0_RandomForest_SentEmbeddings,cd9ccec4-c907-4958-8346-2325243ee588,2.748741388320923,4.754342615582053e-05,0.0172964347820522,88.19197302904847,25.096,94.24320173263553,6.733178553205207e-05,1.905914885309008e-05,7.156064752788288e-05,0.000157951581913,Germany,DEU,land berlin,,,Linux-5.15.0-57-generic-x86_64-with-glibc2.35,3.10.6,32,AMD EPYC 7302P 16-Core Processor,1,1 x Tesla V100S-PCIE-32GB,13.4069,52.5196,251.31520462036133,machine,N
2023-01-13T16:22:10,E0_AdaBoost_SentEmbeddings,d6342a47-ead8-46b2-a751-eecdf536015c,66.6419312953949,0.0011746849528321,0.0176268143794526,90.77391377553715,25.192,94.24320173263553,0.0016950557563212,0.0004646953163721,0.0017428567440246,0.0039026078167181,Germany,DEU,land berlin,,,Linux-5.15.0-57-generic-x86_64-with-glibc2.35,3.10.6,32,AMD EPYC 7302P 16-Core Processor,1,1 x Tesla V100S-PCIE-32GB,13.4069,52.5196,251.31520462036133,machine,N
2023-01-13T16:22:15,E0_NaiveBayes_BoW,0e7a54c3-29cd-4540-b39d-22021f4e6e8f,0.1158764362335205,1.710832540665985e-06,0.0147642833717997,61.66832918175714,25.178,94.24320173263553,1.9812696405701463e-06,7.825451029671564e-07,2.920014295220123e-06,5.6838290387574255e-06,Germany,DEU,land berlin,,,Linux-5.15.0-57-generic-x86_64-with-glibc2.35,3.10.6,32,AMD EPYC 7302P 16-Core Processor,1,1 x Tesla V100S-PCIE-32GB,13.4069,52.5196,251.31520462036133,machine,N
2023-01-13T16:22:22,E0_LogReg_BoW,8bb26abe-815c-488f-912d-de7c4045e160,1.5227856636047363,2.6496433293804687e-05,0.0173999755363354,89.30989494729066,25.194000000000003,94.24320173263553,3.777226466223152e-05,1.0602921232382458e-05,3.965283169277702e-05,8.8028017587391e-05,Germany,DEU,land berlin,,,Linux-5.15.0-57-generic-x86_64-with-glibc2.35,3.10.6,32,AMD EPYC 7302P 16-Core Processor,1,1 x Tesla V100S-PCIE-32GB,13.4069,52.5196,251.31520462036133,machine,N
2023-01-13T16:22:32,E0_SVM_BoW,907b565a-e1e3-4e2a-b2ca-df91245fc07f,4.13990044593811,6.976213335373695e-05,0.016851162066514,82.33141693781181,25.094,94.24320173263553,9.467393990575736e-05,2.882981502387259e-05,0.0001082641299665,0.0002317678848961,Germany,DEU,land berlin,,,Linux-5.15.0-57-generic-x86_64-with-glibc2.35,3.10.6,32,AMD EPYC 7302P 16-Core Processor,1,1 x Tesla V100S-PCIE-32GB,13.4069,52.5196,251.31520462036133,machine,N
2023-01-13T16:22:55,E0_XGBoost_BoW,d48dc82f-b475-464e-bf02-20527b25f15c,18.27001905441284,0.0003250498484169,0.0177914345600198,86.96057818616379,25.192,94.24320173263553,0.0004749831152639,0.0001272744637668,0.0004776422495968,0.0010798998286275,Germany,DEU,land berlin,,,Linux-5.15.0-57-generic-x86_64-with-glibc2.35,3.10.6,32,AMD EPYC 7302P 16-Core Processor,1,1 x Tesla V100S-PCIE-32GB,13.4069,52.5196,251.31520462036133,machine,N
2023-01-13T16:23:01,E0_RandomForest_BoW,e90f38b0-ac13-4a79-b253-b300ccd4fd43,0.3607265949249267,5.951596440904678e-06,0.0164989122638526,79.85342747220264,25.087000000000003,94.24320173263553,7.99680056410082e-06,2.477611946132448e-06,9.29833314061284e-06,1.9772745650846108e-05,Germany,DEU,land berlin,,,Linux-5.15.0-57-generic-x86_64-with-glibc2.35,3.10.6,32,AMD EPYC 7302P 16-Core Processor,1,1 x Tesla V100S-PCIE-32GB,13.4069,52.5196,251.31520462036133,machine,N
2023-01-13T16:23:12,E0_AdaBoost_BoW,99230050-8b6d-406b-aaab-1514535833a1,4.960870027542114,8.856132688032562e-05,0.0178519748327701,94.20054161909675,25.195000000000004,94.24320173263553,0.0001298042457877,3.468571298387316e-05,0.0001297337185716,0.0002942236773432,Germany,DEU,land berlin,,,Linux-5.15.0-57-generic-x86_64-with-glibc2.35,3.10.6,32,AMD EPYC 7302P 16-Core Processor,1,1 x Tesla V100S-PCIE-32GB,13.4069,52.5196,251.31520462036133,machine,N
2023-01-13T16:23:30,E0_NaiveBayes_Fasttext_Wiki,948cae51-eb2d-43f6-9377-833545981bd4,12.83241844177246,0.0001920620151611,0.0149669383080516,59.74721526880433,25.178,94.24320173263553,0.0002129690881529,8.962957123968337e-05,0.0003354811251958,0.0006380797845884,Germany,DEU,land berlin,,,Linux-5.15.0-57-generic-x86_64-with-glibc2.35,3.10.6,32,AMD EPYC 7302P 16-Core Processor,1,1 x Tesla V100S-PCIE-32GB,13.4069,52.5196,251.31520462036133,machine,N
2023-01-13T16:23:50,E0_LogReg_Fasttext_Wiki,1dfe7e09-4102-4ca1-9130-9d1fd6b755f2,14.054988861083984,0.000213835444804,0.0152142023674006,62.69387537385768,25.194000000000003,94.24320173263553,0.0002447636027551,9.822637426336608e-05,0.0003674267831279,0.0007104167601464,Germany,DEU,land berlin,,,Linux-5.15.0-57-generic-x86_64-with-glibc2.35,3.10.6,32,AMD EPYC 7302P 16-Core Processor,1,1 x Tesla V100S-PCIE-32GB,13.4069,52.5196,251.31520462036133,machine,N
2023-01-13T16:24:10,E0_SVM_Fasttext_Wiki,97413725-95e4-4d7d-9165-76bab1406d6f,15.064366817474363,0.000233093747598,0.0154731858578816,55.247259753179215,25.192,94.24320173263553,0.0002751749359731,0.0001053097849983,0.0003939131115803,0.0007743978325517,Germany,DEU,land berlin,,,Linux-5.15.0-57-generic-x86_64-with-glibc2.35,3.10.6,32,AMD EPYC 7302P 16-Core Processor,1,1 x Tesla V100S-PCIE-32GB,13.4069,52.5196,251.31520462036133,machine,N
2023-01-13T16:25:34,E0_XGBoost_Fasttext_Wiki,4ae33287-7e6b-4e07-8414-af1e681f5d5c,78.0253095626831,0.0013251095041321,0.0169830726921709,84.9358564235825,25.192,94.24320173263553,0.0018156034280371,0.0005462781038516,0.0020404756246965,0.0044023571565853,Germany,DEU,land berlin,,,Linux-5.15.0-57-generic-x86_64-with-glibc2.35,3.10.6,32,AMD EPYC 7302P 16-Core Processor,1,1 x Tesla V100S-PCIE-32GB,13.4069,52.5196,251.31520462036133,machine,N
2023-01-13T16:25:53,E0_RandomForest_Fasttext_Wiki,7054a7ef-c48b-4117-832a-76838d10a734,14.227849006652832,0.0002160011317605,0.0151815732412909,62.2225498457262,25.191,94.24320173263553,0.0002459111575621,9.949281857550144e-05,0.000372207757286,0.0007176117334236,Germany,DEU,land berlin,,,Linux-5.15.0-57-generic-x86_64-with-glibc2.35,3.10.6,32,AMD EPYC 7302P 16-Core Processor,1,1 x Tesla V100S-PCIE-32GB,13.4069,52.5196,251.31520462036133,machine,N
2023-01-13T16:26:30,E0_AdaBoost_Fasttext_Wiki,91db8a39-821e-4ed8-b9c7-660e110feff5,31.45607352256775,0.0005175258987191,0.0164523362506716,81.5974524252031,25.192,94.24320173263553,0.0006763376941252,0.0002203344997747,0.0008226829513462,0.0017193551452462,Germany,DEU,land berlin,,,Linux-5.15.0-57-generic-x86_64-with-glibc2.35,3.10.6,32,AMD EPYC 7302P 16-Core Processor,1,1 x Tesla V100S-PCIE-32GB,13.4069,52.5196,251.31520462036133,machine,N
2023-01-13T16:26:48,E0_NaiveBayes_Word2Vec,c92c6050-b717-4deb-bb43-da6fb0bad67f,12.185041427612305,0.0001814938418749,0.0148948071250445,58.85907665005384,25.178,94.24320173263553,0.0001992188132638,8.512628346416686e-05,0.0003186244776074,0.0006029695743354,Germany,DEU,land berlin,,,Linux-5.15.0-57-generic-x86_64-with-glibc2.35,3.10.6,32,AMD EPYC 7302P 16-Core Processor,1,1 x Tesla V100S-PCIE-32GB,13.4069,52.5196,251.31520462036133,machine,N
2023-01-13T16:27:06,E0_LogReg_Word2Vec,7b6e8da0-54c7-4492-b966-ac402f0d8a56,12.882560729980469,0.0001941153075634,0.0150680685022242,60.79968292969925,25.292,94.24320173263553,0.0002175672976648,9.04201119126214e-05,0.0003369139444538,0.0006449013540312,Germany,DEU,land berlin,,,Linux-5.15.0-57-generic-x86_64-with-glibc2.35,3.10.6,32,AMD EPYC 7302P 16-Core Processor,1,1 x Tesla V100S-PCIE-32GB,13.4069,52.5196,251.31520462036133,machine,N
2023-01-13T16:27:26,E0_SVM_Word2Vec,b3498659-394d-489d-942f-611b58d359c6,14.394572496414185,0.0002231253308431,0.0155006569940686,66.11306588708511,25.194000000000003,94.24320173263553,0.0002643487445343,0.0001006056318,0.0003763257925797,0.0007412801689141,Germany,DEU,land berlin,,,Linux-5.15.0-57-generic-x86_64-with-glibc2.35,3.10.6,32,AMD EPYC 7302P 16-Core Processor,1,1 x Tesla V100S-PCIE-32GB,13.4069,52.5196,251.31520462036133,machine,N
2023-01-13T16:28:48,E0_XGBoost_Word2Vec,e4a548b4-a127-4827-8be4-2f629c431f94,76.9029746055603,0.0013060128191327,0.0169826047149851,77.89566142675632,25.289,94.24320173263553,0.0017888305752299,0.0005385891856583,0.0020114932594863,0.0043389130203746,Germany,DEU,land berlin,,,Linux-5.15.0-57-generic-x86_64-with-glibc2.35,3.10.6,32,AMD EPYC 7302P 16-Core Processor,1,1 x Tesla V100S-PCIE-32GB,13.4069,52.5196,251.31520462036133,machine,N
2023-01-13T16:29:07,E0_RandomForest_Word2Vec,f5c233fd-377f-4731-a08b-466e94d7cf13,13.496604442596436,0.000204585704165,0.0151583092647654,61.95639620055512,25.192,94.24320173263553,0.0002322743344304,9.43729191271464e-05,0.0003530394712433,0.0006796867248009,Germany,DEU,land berlin,,,Linux-5.15.0-57-generic-x86_64-with-glibc2.35,3.10.6,32,AMD EPYC 7302P 16-Core Processor,1,1 x Tesla V100S-PCIE-32GB,13.4069,52.5196,251.31520462036133,machine,N
2023-01-13T16:29:43,E0_AdaBoost_Word2Vec,9509c83a-7d20-4325-8e78-5764c572cb18,30.560646057128903,0.0005040286106979,0.0164927341442888,72.39175364648658,25.192,94.24320173263553,0.0006617591085735,0.0002136286798912,0.0007991258683389,0.0016745136568037,Germany,DEU,land berlin,,,Linux-5.15.0-57-generic-x86_64-with-glibc2.35,3.10.6,32,AMD EPYC 7302P 16-Core Processor,1,1 x Tesla V100S-PCIE-32GB,13.4069,52.5196,251.31520462036133,machine,N
2023-01-13T16:30:01,E1_NaiveBayes_GloVe,5bb1d15f-dfd9-45a9-b576-cd7e6eba046b,12.153101444244385,0.0001826561209577,0.0150295890967228,60.37496772836058,25.276,94.24320173263553,0.0002038139672177,8.523236920330259e-05,0.0003177846302161,0.0006068309666371,Germany,DEU,land berlin,,,Linux-5.15.0-57-generic-x86_64-with-glibc2.35,3.10.6,32,AMD EPYC 7302P 16-Core Processor,1,1 x Tesla V100S-PCIE-32GB,13.4069,52.5196,251.31520462036133,machine,N
2023-01-13T16:30:23,E1_LogReg_GloVe,fe4b97ea-2b50-489d-80bf-22ce7cdf5185,16.824737071990967,0.0002642769218405,0.0157076405241697,84.627125837461,25.192,94.24320173263553,0.000320615678159,0.0001175795762235,0.0004398011636922,0.0008779964180747,Germany,DEU,land berlin,,,Linux-5.15.0-57-generic-x86_64-with-glibc2.35,3.10.6,32,AMD EPYC 7302P 16-Core Processor,1,1 x Tesla V100S-PCIE-32GB,13.4069,52.5196,251.31520462036133,machine,N
2023-01-13T16:30:50,E1_SVM_GloVe,46791ee1-3784-49e6-962c-1a02ca11f9d8,21.34234619140625,0.0003496026997872,0.0163807060691413,92.00712337009077,25.192,94.24320173263553,0.0004538804578262,0.0001495844054651,0.0005580059001214,0.0011614707634129,Germany,DEU,land berlin,,,Linux-5.15.0-57-generic-x86_64-with-glibc2.35,3.10.6,32,AMD EPYC 7302P 16-Core Processor,1,1 x Tesla V100S-PCIE-32GB,13.4069,52.5196,251.31520462036133,machine,N
2023-01-13T16:32:56,E1_XGBoost_GloVe,07890bea-963a-4645-9863-5d440aa0c0b7,120.69969177246094,0.0020673844142372,0.0171283321761466,59.62673568133167,25.276,94.24320173263553,0.0028656149483234,0.0008458815910481,0.0031568902188916,0.0068683867582631,Germany,DEU,land berlin,,,Linux-5.15.0-57-generic-x86_64-with-glibc2.35,3.10.6,32,AMD EPYC 7302P 16-Core Processor,1,1 x Tesla V100S-PCIE-32GB,13.4069,52.5196,251.31520462036133,machine,N
2023-01-13T16:33:16,E1_RandomForest_GloVe,d09772f0-9e6e-4d5a-a356-a6649be3a320,14.214269876480104,0.0002187859569506,0.0153919940209291,64.59359384276382,25.289,94.24320173263553,0.0002550382843082,9.982417704423272e-05,0.0003720011830018,0.0007268636443543,Germany,DEU,land berlin,,,Linux-5.15.0-57-generic-x86_64-with-glibc2.35,3.10.6,32,AMD EPYC 7302P 16-Core Processor,1,1 x Tesla V100S-PCIE-32GB,13.4069,52.5196,251.31520462036133,machine,N
2023-01-13T16:34:04,E1_AdaBoost_GloVe,9fb3fdcc-13fb-4e2a-a1c1-2c10ad408ee8,42.40103554725647,0.0007126208389646,0.016806684784158,89.61873619894101,25.289,94.24320173263553,0.0009605672217864,0.0002973565579538,0.0011095873131653,0.0023675110929057,Germany,DEU,land berlin,,,Linux-5.15.0-57-generic-x86_64-with-glibc2.35,3.10.6,32,AMD EPYC 7302P 16-Core Processor,1,1 x Tesla V100S-PCIE-32GB,13.4069,52.5196,251.31520462036133,machine,N
2023-01-13T16:34:09,E1_NaiveBayes_Tf-idf,7d2c4eca-7631-4988-b9d9-23e1006b37bd,0.176842451095581,2.556018672892686e-06,0.0144536487537779,60.39475487868836,25.178,94.24320173263553,2.9633898707102924e-06,1.1673628662692178e-06,4.361003651368284e-06,8.491756388347795e-06,Germany,DEU,land berlin,,,Linux-5.15.0-57-generic-x86_64-with-glibc2.35,3.10.6,32,AMD EPYC 7302P 16-Core Processor,1,1 x Tesla V100S-PCIE-32GB,13.4069,52.5196,251.31520462036133,machine,N
2023-01-13T16:34:17,E1_LogReg_Tf-idf,7a5ad2a0-1f7f-4121-82de-161f63ec7ed2,2.301922559738159,3.995022054554413e-05,0.0173551540109535,88.35481909570662,25.194000000000003,94.24320173263553,5.649094241494054e-05,1.6082659560839334e-05,6.015138322536341e-05,0.0001327249852011,Germany,DEU,land berlin,,,Linux-5.15.0-57-generic-x86_64-with-glibc2.35,3.10.6,32,AMD EPYC 7302P 16-Core Processor,1,1 x Tesla V100S-PCIE-32GB,13.4069,52.5196,251.31520462036133,machine,N
2023-01-13T16:34:34,E1_SVM_Tf-idf,1354a659-9cc9-4a30-9439-d8904001a4e5,11.560885667800903,0.0001960269850142,0.0169560525592083,83.33527146552673,25.292,94.24320173263553,0.0002676144338135,8.117436533212662e-05,0.000302463642762,0.0006512524419077,Germany,DEU,land berlin,,,Linux-5.15.0-57-generic-x86_64-with-glibc2.35,3.10.6,32,AMD EPYC 7302P 16-Core Processor,1,1 x Tesla V100S-PCIE-32GB,13.4069,52.5196,251.31520462036133,machine,N
2023-01-13T16:35:21,E1_XGBoost_Tf-idf,067fb104-79ca-4e0c-bd08-e3184e2d2e81,41.267865896224976,0.0007316154747684,0.0177284543040886,89.67871429245028,25.276,94.24320173263553,0.0010613548013053,0.0002896641579963,0.0010795972359424,0.0024306161952441,Germany,DEU,land berlin,,,Linux-5.15.0-57-generic-x86_64-with-glibc2.35,3.10.6,32,AMD EPYC 7302P 16-Core Processor,1,1 x Tesla V100S-PCIE-32GB,13.4069,52.5196,251.31520462036133,machine,N
2023-01-13T16:35:27,E1_RandomForest_Tf-idf,76962769-4c01-4aea-a5e0-cee6d8ccbd4b,0.489408016204834,7.942014733850653e-06,0.0162277986278971,79.25111750329759,25.185,94.24320173263553,1.0769138893081814e-05,3.295053872466088e-06,1.2321238243922704e-05,2.638543100947061e-05,Germany,DEU,land berlin,,,Linux-5.15.0-57-generic-x86_64-with-glibc2.35,3.10.6,32,AMD EPYC 7302P 16-Core Processor,1,1 x Tesla V100S-PCIE-32GB,13.4069,52.5196,251.31520462036133,machine,N
2023-01-13T16:35:43,E1_AdaBoost_Tf-idf,472a0244-e3c2-473d-931e-f6770958ce20,10.714012861251833,0.0001894695979348,0.0176842794934545,92.11920120614182,25.192,94.24320173263553,0.0002741520301547,7.49471762810813e-05,0.0002803678963377,0.0006294671027735,Germany,DEU,land berlin,,,Linux-5.15.0-57-generic-x86_64-with-glibc2.35,3.10.6,32,AMD EPYC 7302P 16-Core Processor,1,1 x Tesla V100S-PCIE-32GB,13.4069,52.5196,251.31520462036133,machine,N
2023-01-13T16:35:49,E1_NaiveBayes_SentEmbeddings,3c7d217a-e214-459e-8bb0-b1d066dbb22f,0.5674822330474854,8.956155367836073e-06,0.0157822656750676,72.9532209636126,25.386,94.24320173263553,1.1495242251741492e-05,3.877039388020833e-06,1.438238735637081e-05,2.975466899613313e-05,Germany,DEU,land berlin,,,Linux-5.15.0-57-generic-x86_64-with-glibc2.35,3.10.6,32,AMD EPYC 7302P 16-Core Processor,1,1 x Tesla V100S-PCIE-32GB,13.4069,52.5196,251.31520462036133,machine,N
2023-01-13T16:36:03,E1_LogReg_SentEmbeddings,00ef47d7-e55a-4bc0-8f27-1beaac287c4b,8.95949101448059,0.0001543640905825,0.0172291138339259,86.59965391924901,25.289,94.24320173263553,0.0002155197574156,6.290435540219149e-05,0.000234413397423,0.0005128375102409,Germany,DEU,land berlin,,,Linux-5.15.0-57-generic-x86_64-with-glibc2.35,3.10.6,32,AMD EPYC 7302P 16-Core Processor,1,1 x Tesla V100S-PCIE-32GB,13.4069,52.5196,251.31520462036133,machine,N
2023-01-13T16:38:05,E1_SVM_SentEmbeddings,8887261e-9ef9-492b-be09-bf51a475f5c6,115.72396087646484,0.0019427386379424,0.0167876956788257,73.05465825994132,25.192,94.24320173263553,0.0026170485403038,0.0008103988705508,0.0030268337783228,0.0064542811891775,Germany,DEU,land berlin,,,Linux-5.15.0-57-generic-x86_64-with-glibc2.35,3.10.6,32,AMD EPYC 7302P 16-Core Processor,1,1 x Tesla V100S-PCIE-32GB,13.4069,52.5196,251.31520462036133,machine,N
2023-01-13T16:45:00,E1_XGBoost_SentEmbeddings,6d983eda-48a5-4065-899b-1163d3fe730a,409.9338502883911,0.0071054065612939,0.0173330564340936,59.63644943474107,25.275,94.24320173263553,0.0100082749085579,0.0028759262678651,0.010721800688341,0.023606001864764,Germany,DEU,land berlin,,,Linux-5.15.0-57-generic-x86_64-with-glibc2.35,3.10.6,32,AMD EPYC 7302P 16-Core Processor,1,1 x Tesla V100S-PCIE-32GB,13.4069,52.5196,251.31520462036133,machine,N
2023-01-13T16:45:10,E1_RandomForest_SentEmbeddings,15b949e6-4c06-4226-b686-2214cae12aa9,4.683042049407959,8.214184842487266e-05,0.0175402756495123,90.721398195463,25.292,94.24320173263553,0.0001180086324623,3.277447267717786e-05,0.0001221134012553,0.0002728965063949,Germany,DEU,land berlin,,,Linux-5.15.0-57-generic-x86_64-with-glibc2.35,3.10.6,32,AMD EPYC 7302P 16-Core Processor,1,1 x Tesla V100S-PCIE-32GB,13.4069,52.5196,251.31520462036133,machine,N
2023-01-13T16:47:04,E1_AdaBoost_SentEmbeddings,8f09117f-bc76-4eb6-82b4-c8ab8ae8fd33,108.28216195106506,0.0019137405612877,0.0176736456569142,82.98857510601661,25.289,94.24320173263553,0.0027661438129132,0.0007593187431503,0.0028324795080152,0.0063579420640788,Germany,DEU,land berlin,,,Linux-5.15.0-57-generic-x86_64-with-glibc2.35,3.10.6,32,AMD EPYC 7302P 16-Core Processor,1,1 x Tesla V100S-PCIE-32GB,13.4069,52.5196,251.31520462036133,machine,N
2023-01-13T16:47:10,E1_NaiveBayes_BoW,f2a2c6cc-1270-4e14-9f8a-10da2339d894,0.4424054622650146,7.15870986805083e-06,0.016181332462307,78.02310869156918,25.282,94.24320173263553,9.583341277778249e-06,3.0058022809028625e-06,1.1193945703946232e-05,2.3783089262627345e-05,Germany,DEU,land berlin,,,Linux-5.15.0-57-generic-x86_64-with-glibc2.35,3.10.6,32,AMD EPYC 7302P 16-Core Processor,1,1 x Tesla V100S-PCIE-32GB,13.4069,52.5196,251.31520462036133,machine,N
2023-01-13T16:47:19,E1_LogReg_BoW,825ec487-6aea-4528-9fc5-7c49e2c3fd77,3.1657936573028564,5.558690224141806e-05,0.017558599283055,90.645162327306,25.386,94.24320173263553,7.97066479319335e-05,2.227680287202199e-05,8.269064302135368e-05,0.0001846740938253,Germany,DEU,land berlin,,,Linux-5.15.0-57-generic-x86_64-with-glibc2.35,3.10.6,32,AMD EPYC 7302P 16-Core Processor,1,1 x Tesla V100S-PCIE-32GB,13.4069,52.5196,251.31520462036133,machine,N
2023-01-13T16:47:34,E1_SVM_BoW,cf049591-b814-4bf0-b50d-634e8411974a,10.070865392684937,0.0001720409739438,0.0170830377763605,84.83200717277576,25.292,94.24320173263553,0.0002373092667917,7.072595058202745e-05,0.0002635294801142,0.0005715646974879,Germany,DEU,land berlin,,,Linux-5.15.0-57-generic-x86_64-with-glibc2.35,3.10.6,32,AMD EPYC 7302P 16-Core Processor,1,1 x Tesla V100S-PCIE-32GB,13.4069,52.5196,251.31520462036133,machine,N
2023-01-13T16:48:18,E1_XGBoost_BoW,f196b1cd-d0a5-4ba2-9472-e673366d1da7,38.33802556991577,0.0006821458504148,0.0177929311766686,90.70802240534198,25.289,94.24320173263553,0.0009946487934961,0.000269037396344,0.00100257909393,0.0022662652837703,Germany,DEU,land berlin,,,Linux-5.15.0-57-generic-x86_64-with-glibc2.35,3.10.6,32,AMD EPYC 7302P 16-Core Processor,1,1 x Tesla V100S-PCIE-32GB,13.4069,52.5196,251.31520462036133,machine,N
2023-01-13T16:48:24,E1_RandomForest_BoW,4c80dbbe-e1fa-4afc-80a1-20c54083165a,0.511267900466919,8.359187182545869e-06,0.0163499159147519,79.74297318700089,25.379,94.24320173263553,1.1320300722900134e-05,3.4920925315221155e-06,1.2958992734102234e-05,2.7771385988524484e-05,Germany,DEU,land berlin,,,Linux-5.15.0-57-generic-x86_64-with-glibc2.35,3.10.6,32,AMD EPYC 7302P 16-Core Processor,1,1 x Tesla V100S-PCIE-32GB,13.4069,52.5196,251.31520462036133,machine,N
2023-01-13T16:48:39,E1_AdaBoost_BoW,a605f77a-f205-45b4-b059-30cb57d6cb3b,10.022601127624512,0.0001787132918087,0.0178310290445648,93.68060996581475,25.389,94.24320173263553,0.0002608066480895,7.065705412387847e-05,0.0002622681642608,0.0005937318664742,Germany,DEU,land berlin,,,Linux-5.15.0-57-generic-x86_64-with-glibc2.35,3.10.6,32,AMD EPYC 7302P 16-Core Processor,1,1 x Tesla V100S-PCIE-32GB,13.4069,52.5196,251.31520462036133,machine,N
2023-01-13T16:49:04,E1_NaiveBayes_Fasttext_Wiki,ba9c811c-294f-4537-a248-7eb8d5924ab8,19.23481059074402,0.0002883134061474,0.0149891471396221,59.70236360495567,25.276,94.24320173263553,0.0003205789145184,0.0001347910698972,0.0005024818632501,0.0009578518476658,Germany,DEU,land berlin,,,Linux-5.15.0-57-generic-x86_64-with-glibc2.35,3.10.6,32,AMD EPYC 7302P 16-Core Processor,1,1 x Tesla V100S-PCIE-32GB,13.4069,52.5196,251.31520462036133,machine,N
2023-01-13T16:49:32,E1_LogReg_Fasttext_Wiki,b8fe69f9-f9a8-44cc-b831-553c226bf9c4,22.864591360092163,0.0003513323961547,0.015365785052602,73.71863416307797,25.386,94.24320173263553,0.0004096310610379,0.0001601129606831,0.0005974732412515,0.0011672172629726,Germany,DEU,land berlin,,,Linux-5.15.0-57-generic-x86_64-with-glibc2.35,3.10.6,32,AMD EPYC 7302P 16-Core Processor,1,1 x Tesla V100S-PCIE-32GB,13.4069,52.5196,251.31520462036133,machine,N
2023-01-13T16:50:07,E1_SVM_Fasttext_Wiki,a456a5e9-e4ac-4603-ad71-33a8b954724b,28.950862646102905,0.0004625559303086,0.0159772762546987,85.29857870492985,25.373000000000005,94.24320173263553,0.0005762307112619,0.0002037907762604,0.0007567091779546,0.0015367306654771,Germany,DEU,land berlin,,,Linux-5.15.0-57-generic-x86_64-with-glibc2.35,3.10.6,32,AMD EPYC 7302P 16-Core Processor,1,1 x Tesla V100S-PCIE-32GB,13.4069,52.5196,251.31520462036133,machine,N
2023-01-13T16:52:20,E1_XGBoost_Fasttext_Wiki,8944c746-0405-430a-9d2c-1762e2f5b3a2,127.86598324775696,0.0021758121512388,0.0170163486485921,81.81667140386307,25.178,94.24320173263553,0.0029892722747492,0.0008957466338045,0.003343592889582,0.0072286117981358,Germany,DEU,land berlin,,,Linux-5.15.0-57-generic-x86_64-with-glibc2.35,3.10.6,32,AMD EPYC 7302P 16-Core Processor,1,1 x Tesla V100S-PCIE-32GB,13.4069,52.5196,251.31520462036133,machine,N
2023-01-13T16:52:47,E1_RandomForest_Fasttext_Wiki,9177e956-bc26-4840-b646-27ec7089ad57,21.3022985458374,0.0003232331805775,0.0151736292626843,69.72247116920624,25.289,94.24320173263553,0.0003686757421625,0.0001488600118634,0.0005563286332748,0.0010738643873008,Germany,DEU,land berlin,,,Linux-5.15.0-57-generic-x86_64-with-glibc2.35,3.10.6,32,AMD EPYC 7302P 16-Core Processor,1,1 x Tesla V100S-PCIE-32GB,13.4069,52.5196,251.31520462036133,machine,N
2023-01-13T16:53:42,E1_AdaBoost_Fasttext_Wiki,fe14e741-f6f8-4f58-96c2-a6e7071e4f3d,49.694859743118286,0.0008221382333645,0.0165437278143917,87.39104184096905,25.386,94.24320173263553,0.0010835436126675,0.0003487071847654,0.001299105459592,0.0027313562570249,Germany,DEU,land berlin,,,Linux-5.15.0-57-generic-x86_64-with-glibc2.35,3.10.6,32,AMD EPYC 7302P 16-Core Processor,1,1 x Tesla V100S-PCIE-32GB,13.4069,52.5196,251.31520462036133,machine,N
2023-01-13T16:54:06,E1_NaiveBayes_Word2Vec,d41ef2b5-9824-4c99-a6d9-02a30f71933b,18.65270566940308,0.0002780908424766,0.0149088742086801,59.40380755831215,25.275,94.24320173263553,0.0003060164812018,0.0001306927807629,0.0004871805801503,0.0009238898421151,Germany,DEU,land berlin,,,Linux-5.15.0-57-generic-x86_64-with-glibc2.35,3.10.6,32,AMD EPYC 7302P 16-Core Processor,1,1 x Tesla V100S-PCIE-32GB,13.4069,52.5196,251.31520462036133,machine,N
2023-01-13T16:54:32,E1_LogReg_Word2Vec,6f51f013-9db8-457e-88ec-d802c36ecd30,20.626665592193604,0.0003123216902402,0.015141647051206,70.675774809786,25.289,94.24320173263553,0.0003549210892144,0.0001444255253938,0.0005382669742297,0.001037613588838,Germany,DEU,land berlin,,,Linux-5.15.0-57-generic-x86_64-with-glibc2.35,3.10.6,32,AMD EPYC 7302P 16-Core Processor,1,1 x Tesla V100S-PCIE-32GB,13.4069,52.5196,251.31520462036133,machine,N
2023-01-13T16:55:05,E1_SVM_Word2Vec,8e009151-d4dc-410a-a493-69e14db850e3,27.233784437179565,0.0004338302243589,0.015929854529019,86.69076412460196,25.386,94.24320173263553,0.000538192626387,0.0001912957213636,0.0007118080786909,0.0014412964264416,Germany,DEU,land berlin,,,Linux-5.15.0-57-generic-x86_64-with-glibc2.35,3.10.6,32,AMD EPYC 7302P 16-Core Processor,1,1 x Tesla V100S-PCIE-32GB,13.4069,52.5196,251.31520462036133,machine,N
2023-01-13T16:57:16,E1_XGBoost_Word2Vec,90887efe-8f58-4f95-8bd1-7baa4013d351,125.23577046394348,0.002128306532002,0.0169943980391354,81.2153633940747,25.178,94.24320173263553,0.0029201912936511,0.0008761145384771,0.0032744799884764,0.0070707858206048,Germany,DEU,land berlin,,,Linux-5.15.0-57-generic-x86_64-with-glibc2.35,3.10.6,32,AMD EPYC 7302P 16-Core Processor,1,1 x Tesla V100S-PCIE-32GB,13.4069,52.5196,251.31520462036133,machine,N
2023-01-13T16:57:42,E1_RandomForest_Word2Vec,c16d3be9-d70b-4d28-ab31-ebab64d8e088,20.61824512481689,0.0003129427565435,0.0151779530531845,70.87405533774464,25.386,94.24320173263553,0.0003567801465349,0.0001442587614919,0.0005386380240113,0.0010396769320382,Germany,DEU,land berlin,,,Linux-5.15.0-57-generic-x86_64-with-glibc2.35,3.10.6,32,AMD EPYC 7302P 16-Core Processor,1,1 x Tesla V100S-PCIE-32GB,13.4069,52.5196,251.31520462036133,machine,N
2023-01-13T16:58:36,E1_AdaBoost_Word2Vec,4913a770-b048-4ca3-8c6d-514de43bb5c2,49.35538148880005,0.0008134036912705,0.0164805471406431,83.66840312069905,25.289,94.24320173263553,0.0010662489443873,0.0003458059109482,0.0012902829894171,0.0027023378447528,Germany,DEU,land berlin,,,Linux-5.15.0-57-generic-x86_64-with-glibc2.35,3.10.6,32,AMD EPYC 7302P 16-Core Processor,1,1 x Tesla V100S-PCIE-32GB,13.4069,52.5196,251.31520462036133,machine,N
2023-01-13T16:58:53,E2_NaiveBayes_GloVe,e5b7637b-2f62-4a45-9c03-8e4a2c43d0e3,11.046302318572998,0.0001648477007794,0.0149233377853729,59.09451082996524,25.275,94.24320173263553,0.0001813229450582,7.747444280982018e-05,0.0002888693921299,0.000547666779998,Germany,DEU,land berlin,,,Linux-5.15.0-57-generic-x86_64-with-glibc2.35,3.10.6,32,AMD EPYC 7302P 16-Core Processor,1,1 x Tesla V100S-PCIE-32GB,13.4069,52.5196,251.31520462036133,machine,N
2023-01-13T16:59:13,E2_LogReg_GloVe,e487d1f7-a3f0-4e8e-ac5d-2d6d8af66153,14.434769868850708,0.0002246850141849,0.0155655418289582,66.80233317386106,25.192,94.24320173263553,0.0002678509370583,0.000100953441685,0.0003776574624027,0.0007464618411461,Germany,DEU,land berlin,,,Linux-5.15.0-57-generic-x86_64-with-glibc2.35,3.10.6,32,AMD EPYC 7302P 16-Core Processor,1,1 x Tesla V100S-PCIE-32GB,13.4069,52.5196,251.31520462036133,machine,N
2023-01-13T16:59:35,E2_SVM_GloVe,768aaa44-c6ec-4e29-a492-edc4cce5b64d,17.07018256187439,0.0002757915547954,0.0161563330559465,77.78959673622457,25.192,94.24320173263553,0.0003503451477758,0.000119374587482,0.0004465312773515,0.0009162510126094,Germany,DEU,land berlin,,,Linux-5.15.0-57-generic-x86_64-with-glibc2.35,3.10.6,32,AMD EPYC 7302P 16-Core Processor,1,1 x Tesla V100S-PCIE-32GB,13.4069,52.5196,251.31520462036133,machine,N
2023-01-13T17:01:34,E2_XGBoost_GloVe,291e5bee-81f9-47cc-b855-60adc305cadf,113.28793692588806,0.0019277504415262,0.0170163787410779,66.2391604676576,25.275,94.24320173263553,0.0026478711871841,0.0007932009923962,0.0029634143371182,0.0064044865166985,Germany,DEU,land berlin,,,Linux-5.15.0-57-generic-x86_64-with-glibc2.35,3.10.6,32,AMD EPYC 7302P 16-Core Processor,1,1 x Tesla V100S-PCIE-32GB,13.4069,52.5196,251.31520462036133,machine,N
2023-01-13T17:01:52,E2_RandomForest_GloVe,b846ffbe-d297-4d50-8561-82b104684197,12.984283208847046,0.0001987092917347,0.0153038322207382,63.70083532670953,25.192,94.24320173263553,0.0002297492735214,9.078742024527656e-05,0.0003396270661493,0.000660163759916,Germany,DEU,land berlin,,,Linux-5.15.0-57-generic-x86_64-with-glibc2.35,3.10.6,32,AMD EPYC 7302P 16-Core Processor,1,1 x Tesla V100S-PCIE-32GB,13.4069,52.5196,251.31520462036133,machine,N
2023-01-13T17:02:36,E2_AdaBoost_GloVe,cd736600-2f23-42ba-841c-1b972f6b8221,38.49932861328125,0.0006443583719268,0.0167368729569113,88.23872389380162,25.192,94.24320173263553,0.000864434183769,0.0002695348124141,0.0010067564919459,0.0021407254881291,Germany,DEU,land berlin,,,Linux-5.15.0-57-generic-x86_64-with-glibc2.35,3.10.6,32,AMD EPYC 7302P 16-Core Processor,1,1 x Tesla V100S-PCIE-32GB,13.4069,52.5196,251.31520462036133,machine,N
2023-01-13T17:02:42,E2_NaiveBayes_Tf-idf,29ff6729-2dd9-4896-b283-d27286f29031,0.1758320331573486,2.453281005697331e-06,0.0139524122063807,60.53616511723278,25.275,94.24320173263553,2.9531331958388904e-06,1.1010058224201204e-06,4.096296216615845e-06,8.150435234874855e-06,Germany,DEU,land berlin,,,Linux-5.15.0-57-generic-x86_64-with-glibc2.35,3.10.6,32,AMD EPYC 7302P 16-Core Processor,1,1 x Tesla V100S-PCIE-32GB,13.4069,52.5196,251.31520462036133,machine,N
2023-01-13T17:02:49,E2_LogReg_Tf-idf,d644dddb-68e8-48d9-adfc-27d6ee386883,1.8718795776367188,3.263259260786553e-05,0.0174330619328967,89.48141103364584,25.292,94.24320173263553,4.652246332905244e-05,1.3097292729483713e-05,4.879417287124967e-05,0.0001084139289297,Germany,DEU,land berlin,,,Linux-5.15.0-57-generic-x86_64-with-glibc2.35,3.10.6,32,AMD EPYC 7302P 16-Core Processor,1,1 x Tesla V100S-PCIE-32GB,13.4069,52.5196,251.31520462036133,machine,N
2023-01-13T17:03:04,E2_SVM_Tf-idf,6bd42cdb-7216-4a5d-9959-f4024a844f1a,9.5387225151062,0.000161453544106,0.0169261181306326,83.14977478856268,25.194000000000003,94.24320173263553,0.0002203128923612,6.667505681753159e-05,0.0002494025628012,0.0005363905119801,Germany,DEU,land berlin,,,Linux-5.15.0-57-generic-x86_64-with-glibc2.35,3.10.6,32,AMD EPYC 7302P 16-Core Processor,1,1 x Tesla V100S-PCIE-32GB,13.4069,52.5196,251.31520462036133,machine,N
2023-01-13T17:03:45,E2_XGBoost_Tf-idf,eaf3f1ec-0d4a-415c-9c1c-c61bb76848c7,35.285698652267456,0.0006240535956645,0.0176857372675095,87.04055073042423,25.276,94.24320173263553,0.0009034582622104,0.0002468458628185,0.0009229636346537,0.0020732677596827,Germany,DEU,land berlin,,,Linux-5.15.0-57-generic-x86_64-with-glibc2.35,3.10.6,32,AMD EPYC 7302P 16-Core Processor,1,1 x Tesla V100S-PCIE-32GB,13.4069,52.5196,251.31520462036133,machine,N
2023-01-13T17:03:51,E2_RandomForest_Tf-idf,49126370-4bec-4202-a553-1031287906ba,0.4632179737091064,7.61134961350156e-06,0.0164314643332069,78.70247618014932,25.185,94.24320173263553,1.012230087561218e-05,3.1996128698190053e-06,1.1964962046932804e-05,2.528687579236399e-05,Germany,DEU,land berlin,,,Linux-5.15.0-57-generic-x86_64-with-glibc2.35,3.10.6,32,AMD EPYC 7302P 16-Core Processor,1,1 x Tesla V100S-PCIE-32GB,13.4069,52.5196,251.31520462036133,machine,N
2023-01-13T17:04:06,E2_AdaBoost_Tf-idf,38982219-aa87-4cb0-a639-751c90390c1a,9.338638544082642,0.0001648824048309,0.0176559360395638,91.68989663375687,25.289,94.24320173263553,0.0002378444330531,6.557423299994735e-05,0.0002443634097971,0.0005477820758502,Germany,DEU,land berlin,,,Linux-5.15.0-57-generic-x86_64-with-glibc2.35,3.10.6,32,AMD EPYC 7302P 16-Core Processor,1,1 x Tesla V100S-PCIE-32GB,13.4069,52.5196,251.31520462036133,machine,N
2023-01-13T17:04:12,E2_NaiveBayes_SentEmbeddings,0313d274-1462-4c3a-903a-5602b689e153,0.5122301578521729,8.085146921260403e-06,0.0157842071524295,72.09675468532151,25.289,94.24320173263553,1.0254168203327474e-05,3.515266931255659e-06,1.309151809219562e-05,2.686095322677875e-05,Germany,DEU,land berlin,,,Linux-5.15.0-57-generic-x86_64-with-glibc2.35,3.10.6,32,AMD EPYC 7302P 16-Core Processor,1,1 x Tesla V100S-PCIE-32GB,13.4069,52.5196,251.31520462036133,machine,N
2023-01-13T17:04:25,E2_LogReg_SentEmbeddings,da94e171-99c4-499a-af03-c1dc697eae84,7.755758285522461,0.0001332438289828,0.017179987317502,86.3419318165527,25.191,94.24320173263553,0.0001860084263066,5.413685962378978e-05,0.0002025252422519,0.0004426705281823,Germany,DEU,land berlin,,,Linux-5.15.0-57-generic-x86_64-with-glibc2.35,3.10.6,32,AMD EPYC 7302P 16-Core Processor,1,1 x Tesla V100S-PCIE-32GB,13.4069,52.5196,251.31520462036133,machine,N
2023-01-13T17:06:05,E2_SVM_SentEmbeddings,b067a502-8216-4e12-8f7e-5d56ec48e85b,94.30216956138612,0.001586038498933,0.0168186851512527,65.44872099749334,25.192,94.24320173263553,0.0021419216482581,0.000660949048717,0.0024663601964899,0.0052692308934651,Germany,DEU,land berlin,,,Linux-5.15.0-57-generic-x86_64-with-glibc2.35,3.10.6,32,AMD EPYC 7302P 16-Core Processor,1,1 x Tesla V100S-PCIE-32GB,13.4069,52.5196,251.31520462036133,machine,N
2023-01-13T17:12:18,E2_XGBoost_SentEmbeddings,ccbf09f2-6315-4204-92fa-36a1925ecc6f,367.6864101886749,0.0064337001092379,0.0174977914085443,61.14289071070675,25.275,94.24320173263553,0.0091802865556122,0.0025758749679464,0.0096182574440091,0.0213744189675678,Germany,DEU,land berlin,,,Linux-5.15.0-57-generic-x86_64-with-glibc2.35,3.10.6,32,AMD EPYC 7302P 16-Core Processor,1,1 x Tesla V100S-PCIE-32GB,13.4069,52.5196,251.31520462036133,machine,N
2023-01-13T17:12:28,E2_RandomForest_SentEmbeddings,3c9017a7-97fc-4b05-8269-a6760cacef2f,4.2407732009887695,7.421581409827739e-05,0.0175005383643184,90.06401307146099,25.389,94.24320173263553,0.0001060884501484,2.9815126148462297e-05,0.0001106605901425,0.0002465641664394,Germany,DEU,land berlin,,,Linux-5.15.0-57-generic-x86_64-with-glibc2.35,3.10.6,32,AMD EPYC 7302P 16-Core Processor,1,1 x Tesla V100S-PCIE-32GB,13.4069,52.5196,251.31520462036133,machine,N
2023-01-13T17:14:11,E2_AdaBoost_SentEmbeddings,85167462-33c3-4831-8d3e-2a74730d431c,97.89501428604126,0.0017356833832259,0.0177300488271489,92.15908494569192,25.386,94.24320173263553,0.0025177524230892,0.0006875388597432,0.0025610986946623,0.0057663899774948,Germany,DEU,land berlin,,,Linux-5.15.0-57-generic-x86_64-with-glibc2.35,3.10.6,32,AMD EPYC 7302P 16-Core Processor,1,1 x Tesla V100S-PCIE-32GB,13.4069,52.5196,251.31520462036133,machine,N
2023-01-13T17:14:17,E2_NaiveBayes_BoW,4e775248-e20e-4f29-8910-fcf49c647e66,0.4599127769470215,7.501854219061117e-06,0.0163114716422093,78.70261948094262,25.289,94.24320173263553,1.0049816650957616e-05,3.1487031631999546e-06,1.1724583903653449e-05,2.492310371781102e-05,Germany,DEU,land berlin,,,Linux-5.15.0-57-generic-x86_64-with-glibc2.35,3.10.6,32,AMD EPYC 7302P 16-Core Processor,1,1 x Tesla V100S-PCIE-32GB,13.4069,52.5196,251.31520462036133,machine,N
2023-01-13T17:14:25,E2_LogReg_BoW,341a3bb8-2e40-4879-a7b4-b655f07390f3,2.7199087142944336,4.83292118873418e-05,0.017768688939209,93.31845878740052,25.396,94.24320173263553,7.04993700105629e-05,1.911971774207221e-05,7.094307798604197e-05,0.0001605621657386,Germany,DEU,land berlin,,,Linux-5.15.0-57-generic-x86_64-with-glibc2.35,3.10.6,32,AMD EPYC 7302P 16-Core Processor,1,1 x Tesla V100S-PCIE-32GB,13.4069,52.5196,251.31520462036133,machine,N
2023-01-13T17:14:39,E2_SVM_BoW,83c3b366-2d6e-4cc5-adfc-6694703d6c16,8.339484214782715,0.0001448218612881,0.0173658055532275,88.38901751738413,25.289,94.24320173263553,0.0002047499232442,5.847586707883411e-05,0.0002179099614647,0.0004811357517877,Germany,DEU,land berlin,,,Linux-5.15.0-57-generic-x86_64-with-glibc2.35,3.10.6,32,AMD EPYC 7302P 16-Core Processor,1,1 x Tesla V100S-PCIE-32GB,13.4069,52.5196,251.31520462036133,machine,N
2023-01-13T17:15:18,E2_XGBoost_BoW,126a37eb-214f-4517-82fc-81c1342a660f,33.24621033668518,0.0006050048046493,0.018197707303253,87.25616722079015,25.289,94.24320173263553,0.0009078356121012,0.0002328820902185,0.0008692650373791,0.0020099827396989,Germany,DEU,land berlin,,,Linux-5.15.0-57-generic-x86_64-with-glibc2.35,3.10.6,32,AMD EPYC 7302P 16-Core Processor,1,1 x Tesla V100S-PCIE-32GB,13.4069,52.5196,251.31520462036133,machine,N
2023-01-13T17:15:24,E2_RandomForest_BoW,56f8f6b7-1c5e-4bf2-9ee4-d5506e38ec0c,0.4941139221191406,8.147471556071353e-06,0.0164890548340122,78.79709708175187,25.386,94.24320173263553,1.0810326981588491e-05,3.452070243358612e-06,1.2805614589243438e-05,2.706801181419054e-05,Germany,DEU,land berlin,,,Linux-5.15.0-57-generic-x86_64-with-glibc2.35,3.10.6,32,AMD EPYC 7302P 16-Core Processor,1,1 x Tesla V100S-PCIE-32GB,13.4069,52.5196,251.31520462036133,machine,N
2023-01-13T17:15:38,E2_AdaBoost_BoW,9eb1ab9e-bc37-4ecc-bf53-4baa4db96731,8.714446306228638,0.0001556643855876,0.0178627970289329,94.16888094474751,25.289,94.24320173263553,0.0002279469759685,6.118919129351776e-05,0.0002280212599395,0.0005171574272016,Germany,DEU,land berlin,,,Linux-5.15.0-57-generic-x86_64-with-glibc2.35,3.10.6,32,AMD EPYC 7302P 16-Core Processor,1,1 x Tesla V100S-PCIE-32GB,13.4069,52.5196,251.31520462036133,machine,N
2023-01-13T17:16:01,E2_NaiveBayes_Fasttext_Wiki,0436ad47-70b8-4ae7-9a88-88874280204e,17.670222520828247,0.0002666709971296,0.0150915471955916,62.89260117771668,25.282,94.24320173263553,0.000300862994579,0.0001240896929297,0.0004609974690682,0.000885950156577,Germany,DEU,land berlin,,,Linux-5.15.0-57-generic-x86_64-with-glibc2.35,3.10.6,32,AMD EPYC 7302P 16-Core Processor,1,1 x Tesla V100S-PCIE-32GB,13.4069,52.5196,251.31520462036133,machine,N
2023-01-13T17:16:27,E2_LogReg_Fasttext_Wiki,778e70a1-1b7e-4f08-85ab-e39af60c7770,20.291088581085205,0.0003126633246577,0.015408898512678,78.26793893097683,25.292,94.24320173263553,0.0003670710908788,0.0001417615354884,0.0005299159605353,0.0010387485869026,Germany,DEU,land berlin,,,Linux-5.15.0-57-generic-x86_64-with-glibc2.35,3.10.6,32,AMD EPYC 7302P 16-Core Processor,1,1 x Tesla V100S-PCIE-32GB,13.4069,52.5196,251.31520462036133,machine,N
2023-01-13T17:16:56,E2_SVM_Fasttext_Wiki,99d04ea9-8448-48cb-8e4b-26f9b44bc734,23.24655556678772,0.0003706657197949,0.0159449738147243,91.25319766618291,25.289,94.24320173263553,0.0004609674018291,0.0001630071178409,0.0006074730543995,0.0012314475740696,Germany,DEU,land berlin,,,Linux-5.15.0-57-generic-x86_64-with-glibc2.35,3.10.6,32,AMD EPYC 7302P 16-Core Processor,1,1 x Tesla V100S-PCIE-32GB,13.4069,52.5196,251.31520462036133,machine,N
2023-01-13T17:18:56,E2_XGBoost_Fasttext_Wiki,c40e140e-1175-4483-9882-8c0a84c57caa,115.29302382469176,0.0019713280136884,0.0170984153966324,85.37299394107185,25.374,94.24320173263553,0.0027252425624145,0.0008089256455287,0.0030150942960049,0.0065492625039482,Germany,DEU,land berlin,,,Linux-5.15.0-57-generic-x86_64-with-glibc2.35,3.10.6,32,AMD EPYC 7302P 16-Core Processor,1,1 x Tesla V100S-PCIE-32GB,13.4069,52.5196,251.31520462036133,machine,N
2023-01-13T17:19:21,E2_RandomForest_Fasttext_Wiki,9feb5c14-67ee-4b85-a160-7e6d75bc82ac,19.424307823181152,0.0002951665651761,0.0151957314444916,73.07437973908013,25.389,94.24320173263553,0.0003377871127294,0.0001360811510916,0.0005067515540399,0.0009806198178611,Germany,DEU,land berlin,,,Linux-5.15.0-57-generic-x86_64-with-glibc2.35,3.10.6,32,AMD EPYC 7302P 16-Core Processor,1,1 x Tesla V100S-PCIE-32GB,13.4069,52.5196,251.31520462036133,machine,N
2023-01-13T17:20:12,E2_AdaBoost_Fasttext_Wiki,a52d8153-f280-4761-b7c5-0408fa92fca0,45.15417885780335,0.00074411753407,0.0164794832481267,55.96864136813269,25.289,94.24320173263553,0.000975645651627,0.0003166000553442,0.0011799055690091,0.0024721512759803,Germany,DEU,land berlin,,,Linux-5.15.0-57-generic-x86_64-with-glibc2.35,3.10.6,32,AMD EPYC 7302P 16-Core Processor,1,1 x Tesla V100S-PCIE-32GB,13.4069,52.5196,251.31520462036133,machine,N
2023-01-13T17:20:34,E2_NaiveBayes_Word2Vec,87432189-3486-4754-b374-578b9d8d738d,16.93338656425476,0.0002521730650633,0.0148920633274687,59.80277947166845,25.178,94.24320173263553,0.0002783579818528,0.0001179802065159,0.0004414460809447,0.0008377842693135,Germany,DEU,land berlin,,,Linux-5.15.0-57-generic-x86_64-with-glibc2.35,3.10.6,32,AMD EPYC 7302P 16-Core Processor,1,1 x Tesla V100S-PCIE-32GB,13.4069,52.5196,251.31520462036133,machine,N
2023-01-13T17:20:58,E2_LogReg_Word2Vec,9328c5f1-4c2a-4a09-940a-6448280e327c,18.677382230758667,0.0002827973021172,0.0151411637146607,74.54697629783423,25.194000000000003,94.24320173263553,0.000321055515733,0.0001304325074761,0.0004880378974459,0.0009395259206551,Germany,DEU,land berlin,,,Linux-5.15.0-57-generic-x86_64-with-glibc2.35,3.10.6,32,AMD EPYC 7302P 16-Core Processor,1,1 x Tesla V100S-PCIE-32GB,13.4069,52.5196,251.31520462036133,machine,N
2023-01-13T17:21:26,E2_SVM_Word2Vec,47257f8a-4b89-44a1-9723-82fa731c1d08,22.771970510482788,0.000359722361753,0.0157967164759592,91.10047464551936,25.289,94.24320173263553,0.0004406390377887,0.0001599207454131,0.0005945311196319,0.0011950909028338,Germany,DEU,land berlin,,,Linux-5.15.0-57-generic-x86_64-with-glibc2.35,3.10.6,32,AMD EPYC 7302P 16-Core Processor,1,1 x Tesla V100S-PCIE-32GB,13.4069,52.5196,251.31520462036133,machine,N
2023-01-13T17:23:26,E2_XGBoost_Word2Vec,0703ce0b-5a16-4dec-b354-cab1fad11ec5,114.0385808944702,0.0019353648696497,0.0169711412968273,81.56628081218271,25.276,94.24320173263553,0.0026478428499392,0.0007991563349641,0.0029827844351954,0.0064297836200987,Germany,DEU,land berlin,,,Linux-5.15.0-57-generic-x86_64-with-glibc2.35,3.10.6,32,AMD EPYC 7302P 16-Core Processor,1,1 x Tesla V100S-PCIE-32GB,13.4069,52.5196,251.31520462036133,machine,N
2023-01-13T17:23:50,E2_RandomForest_Word2Vec,b7d19f0c-b638-4523-9b65-bf15908dae8d,18.83481478691101,0.0002856888226492,0.0151681248730828,74.70817202976244,25.194000000000003,94.24320173263553,0.0003258227967691,0.0001314463782321,0.000491863126159,0.0009491323011603,Germany,DEU,land berlin,,,Linux-5.15.0-57-generic-x86_64-with-glibc2.35,3.10.6,32,AMD EPYC 7302P 16-Core Processor,1,1 x Tesla V100S-PCIE-32GB,13.4069,52.5196,251.31520462036133,machine,N
2023-01-13T17:24:40,E2_AdaBoost_Word2Vec,78925669-e297-49b1-9008-2b2829de72cd,44.08336925506592,0.0007294918137529,0.0165480049751209,90.20181787213698,25.292,94.24320173263553,0.0009615433361784,0.0003093169166182,0.0011527005902361,0.0024235608430329,Germany,DEU,land berlin,,,Linux-5.15.0-57-generic-x86_64-with-glibc2.35,3.10.6,32,AMD EPYC 7302P 16-Core Processor,1,1 x Tesla V100S-PCIE-32GB,13.4069,52.5196,251.31520462036133,machine,N
2023-01-13T17:24:56,E3_NaiveBayes_GloVe,ac87cfdf-97e8-43d4-b5cd-a2daa4c3782b,10.531844854354858,0.0001570682835907,0.0149136533781915,59.07995206192565,25.276,94.24320173263553,0.0001728357435462,7.380568790833155e-05,0.0002751801087139,0.0005218215401685,Germany,DEU,land berlin,,,Linux-5.15.0-57-generic-x86_64-with-glibc2.35,3.10.6,32,AMD EPYC 7302P 16-Core Processor,1,1 x Tesla V100S-PCIE-32GB,13.4069,52.5196,251.31520462036133,machine,N
2023-01-13T17:25:15,E3_LogReg_GloVe,c39588d8-1607-4724-8201-4fbd8d8b89ad,13.483586311340332,0.0002094739817373,0.0155354797233094,66.41927376480162,25.192,94.24320173263553,0.0002487656776234,9.431987401008606e-05,0.000352841297992,0.0006959268496256,Germany,DEU,land berlin,,,Linux-5.15.0-57-generic-x86_64-with-glibc2.35,3.10.6,32,AMD EPYC 7302P 16-Core Processor,1,1 x Tesla V100S-PCIE-32GB,13.4069,52.5196,251.31520462036133,machine,N
2023-01-13T17:25:36,E3_SVM_GloVe,38a04041-3c34-43db-a2d2-08ee8ed0ba1f,15.902320384979248,0.0002558221758994,0.0160870973358781,70.07314157451079,25.289,94.24320173263553,0.0003233556695176,0.0001110862046983,0.0004154656869118,0.0008499075611278,Germany,DEU,land berlin,,,Linux-5.15.0-57-generic-x86_64-with-glibc2.35,3.10.6,32,AMD EPYC 7302P 16-Core Processor,1,1 x Tesla V100S-PCIE-32GB,13.4069,52.5196,251.31520462036133,machine,N
2023-01-13T17:27:26,E3_XGBoost_GloVe,e42e3360-61f2-45bc-8795-bcc49eaa74b7,104.14040398597716,0.0017764215937303,0.0170579479792453,83.64110358427492,25.276,94.24320173263553,0.0024493807789474,0.0007284778656293,0.0027238742249593,0.0059017328695361,Germany,DEU,land berlin,,,Linux-5.15.0-57-generic-x86_64-with-glibc2.35,3.10.6,32,AMD EPYC 7302P 16-Core Processor,1,1 x Tesla V100S-PCIE-32GB,13.4069,52.5196,251.31520462036133,machine,N
2023-01-13T17:27:43,E3_RandomForest_GloVe,71b6c2dc-197e-4d06-aa1b-1f870bff38e8,12.346383094787598,0.0001893073772052,0.0153330231009223,63.79749663542433,25.386,94.24320173263553,0.0002187929694786,8.703491318186124e-05,0.0003231002808119,0.0006289281634724,Germany,DEU,land berlin,,,Linux-5.15.0-57-generic-x86_64-with-glibc2.35,3.10.6,32,AMD EPYC 7302P 16-Core Processor,1,1 x Tesla V100S-PCIE-32GB,13.4069,52.5196,251.31520462036133,machine,N
2023-01-13T17:28:25,E3_AdaBoost_GloVe,adf24203-0b06-44f7-9d09-ef4326edc198,36.62841010093689,0.0006144004355612,0.0167738767221435,88.25692870264047,25.192,94.24320173263553,0.0008264359394815,0.0002568754726733,0.0009578860481814,0.0020411974603363,Germany,DEU,land berlin,,,Linux-5.15.0-57-generic-x86_64-with-glibc2.35,3.10.6,32,AMD EPYC 7302P 16-Core Processor,1,1 x Tesla V100S-PCIE-32GB,13.4069,52.5196,251.31520462036133,machine,N
2023-01-13T17:28:31,E3_NaiveBayes_Tf-idf,dd3bd392-31e7-42b6-b22c-3c9db78dccdd,0.1732416152954101,2.3958523697130862e-06,0.0138295430092111,60.39733585988121,25.373000000000005,94.24320173263553,2.902913155662136e-06,1.0745522837506402e-06,3.982176984883192e-06,7.959642424295968e-06,Germany,DEU,land berlin,,,Linux-5.15.0-57-generic-x86_64-with-glibc2.35,3.10.6,32,AMD EPYC 7302P 16-Core Processor,1,1 x Tesla V100S-PCIE-32GB,13.4069,52.5196,251.31520462036133,machine,N
2023-01-13T17:28:38,E3_LogReg_Tf-idf,805b0a08-fe8a-49ee-a236-340c145cbc3e,1.6860904693603516,2.9558167573035235e-05,0.0175305940637032,90.81900878950036,25.194000000000003,94.24320173263553,4.253059458000485e-05,1.1744821623166404e-05,4.392447606604881e-05,9.819989226922006e-05,Germany,DEU,land berlin,,,Linux-5.15.0-57-generic-x86_64-with-glibc2.35,3.10.6,32,AMD EPYC 7302P 16-Core Processor,1,1 x Tesla V100S-PCIE-32GB,13.4069,52.5196,251.31520462036133,machine,N
2023-01-13T17:28:52,E3_SVM_Tf-idf,1fa02e28-1ddf-49a9-bf98-a923b99fe608,8.714070796966553,0.0001475265002536,0.0169296880517669,83.00533108250866,25.292,94.24320173263553,0.0002009158815659,6.119380857361687e-05,0.0002280115731616,0.0004901212633011,Germany,DEU,land berlin,,,Linux-5.15.0-57-generic-x86_64-with-glibc2.35,3.10.6,32,AMD EPYC 7302P 16-Core Processor,1,1 x Tesla V100S-PCIE-32GB,13.4069,52.5196,251.31520462036133,machine,N
2023-01-13T17:29:31,E3_XGBoost_Tf-idf,4bbe1b79-2bb0-4943-95b7-e9f0759f368a,32.626028537750244,0.0005770728035839,0.0176874976651304,81.29617142461207,25.192,94.24320173263553,0.0008351506039532,0.0002285548628289,0.0008534799271842,0.0019171853939665,Germany,DEU,land berlin,,,Linux-5.15.0-57-generic-x86_64-with-glibc2.35,3.10.6,32,AMD EPYC 7302P 16-Core Processor,1,1 x Tesla V100S-PCIE-32GB,13.4069,52.5196,251.31520462036133,machine,N
2023-01-13T17:29:36,E3_RandomForest_Tf-idf,0977fb1b-181c-476c-87c8-dd14cbb82de7,0.4944400787353515,7.91046980317845e-06,0.0159988442348997,76.52558036926646,25.178,94.24320173263553,1.050540840432084e-05,3.3281244703133903e-06,1.2447097700709454e-05,2.628063057534369e-05,Germany,DEU,land berlin,,,Linux-5.15.0-57-generic-x86_64-with-glibc2.35,3.10.6,32,AMD EPYC 7302P 16-Core Processor,1,1 x Tesla V100S-PCIE-32GB,13.4069,52.5196,251.31520462036133,machine,N
2023-01-13T17:29:51,E3_AdaBoost_Tf-idf,e5bfde8e-a58f-4470-9c58-227ce123a931,8.601882457733154,0.0001519267683227,0.0176620372423472,91.8662887375026,25.192,94.24320173263553,0.0002195011067118,6.016634644508362e-05,0.0002250726409386,0.0005047400940956,Germany,DEU,land berlin,,,Linux-5.15.0-57-generic-x86_64-with-glibc2.35,3.10.6,32,AMD EPYC 7302P 16-Core Processor,1,1 x Tesla V100S-PCIE-32GB,13.4069,52.5196,251.31520462036133,machine,N
2023-01-13T17:29:57,E3_NaiveBayes_SentEmbeddings,e9505082-5372-4597-a4b3-450677c77730,0.5075976848602295,7.955507533171334e-06,0.0156728601616099,71.52906288618583,25.289,94.24320173263553,1.0081269453898756e-05,3.460804994967249e-06,1.2888183136420822e-05,2.6430257585286823e-05,Germany,DEU,land berlin,,,Linux-5.15.0-57-generic-x86_64-with-glibc2.35,3.10.6,32,AMD EPYC 7302P 16-Core Processor,1,1 x Tesla V100S-PCIE-32GB,13.4069,52.5196,251.31520462036133,machine,N
2023-01-13T17:30:10,E3_LogReg_SentEmbeddings,5178f896-0538-4d15-91be-8cf7e99b0d24,7.706101894378662,0.0001319874685812,0.0171276568088878,85.44519952693784,25.289,94.24320173263553,0.0001828977710403,5.407798281974264e-05,0.0002015208194995,0.0004384965733595,Germany,DEU,land berlin,,,Linux-5.15.0-57-generic-x86_64-with-glibc2.35,3.10.6,32,AMD EPYC 7302P 16-Core Processor,1,1 x Tesla V100S-PCIE-32GB,13.4069,52.5196,251.31520462036133,machine,N
2023-01-13T17:31:33,E3_SVM_SentEmbeddings,07ffb76f-a2f8-4288-9c2d-1739752324e0,78.1900405883789,0.001317051082091,0.0168442306997187,75.05167036789754,25.289,94.24320173263553,0.0017827209153422,0.0005482927220549,0.0020445713529384,0.0043755849903356,Germany,DEU,land berlin,,,Linux-5.15.0-57-generic-x86_64-with-glibc2.35,3.10.6,32,AMD EPYC 7302P 16-Core Processor,1,1 x Tesla V100S-PCIE-32GB,13.4069,52.5196,251.31520462036133,machine,N
2023-01-13T17:37:25,E3_XGBoost_SentEmbeddings,952f3f02-79b6-46c6-9dd6-5094c2c57acf,345.5941803455353,0.0059937305886724,0.0173432625013525,58.230183395713176,25.373000000000005,94.24320173263553,0.0084455245933587,0.0024271527888015,0.0090400488260537,0.0199127262082139,Germany,DEU,land berlin,,,Linux-5.15.0-57-generic-x86_64-with-glibc2.35,3.10.6,32,AMD EPYC 7302P 16-Core Processor,1,1 x Tesla V100S-PCIE-32GB,13.4069,52.5196,251.31520462036133,machine,N
2023-01-13T17:37:34,E3_RandomForest_SentEmbeddings,068c9748-f23e-4ff6-8fbd-8b58767772ef,4.243360757827759,7.349369645440535e-05,0.0173196908414706,87.93178027162323,25.386,94.24320173263553,0.0001036403148566,2.982274982770284e-05,0.0001107020398153,0.0002441651044996,Germany,DEU,land berlin,,,Linux-5.15.0-57-generic-x86_64-with-glibc2.35,3.10.6,32,AMD EPYC 7302P 16-Core Processor,1,1 x Tesla V100S-PCIE-32GB,13.4069,52.5196,251.31520462036133,machine,N
2023-01-13T17:39:13,E3_AdaBoost_SentEmbeddings,0db1575a-17c2-4f1b-a623-4bede311f266,92.93441796302795,0.0016470810965916,0.0177230474208909,85.69543827386372,25.289,94.24320173263553,0.0023873125076262,0.0006536410939225,0.0024310766196859,0.0054720302212346,Germany,DEU,land berlin,,,Linux-5.15.0-57-generic-x86_64-with-glibc2.35,3.10.6,32,AMD EPYC 7302P 16-Core Processor,1,1 x Tesla V100S-PCIE-32GB,13.4069,52.5196,251.31520462036133,machine,N
2023-01-13T17:39:19,E3_NaiveBayes_BoW,d189248c-eb8b-49f8-b1e9-2bd01587862c,0.4503538608551025,7.318525232749733e-06,0.0162506106172905,78.25352181946448,25.374,94.24320173263553,9.784598661005846e-06,3.084129803975424e-06,1.1445308853124157e-05,2.4314037318105425e-05,Germany,DEU,land berlin,,,Linux-5.15.0-57-generic-x86_64-with-glibc2.35,3.10.6,32,AMD EPYC 7302P 16-Core Processor,1,1 x Tesla V100S-PCIE-32GB,13.4069,52.5196,251.31520462036133,machine,N
2023-01-13T17:39:27,E3_LogReg_BoW,1c7ec6b9-0a96-4007-9e0e-19f89918cf6c,2.490150213241577,4.393925172250407e-05,0.0176452213560666,91.8643038186528,25.389,94.24320173263553,6.353751194108047e-05,1.7498767107129094e-05,6.494130142522588e-05,0.0001459775804734,Germany,DEU,land berlin,,,Linux-5.15.0-57-generic-x86_64-with-glibc2.35,3.10.6,32,AMD EPYC 7302P 16-Core Processor,1,1 x Tesla V100S-PCIE-32GB,13.4069,52.5196,251.31520462036133,machine,N
2023-01-13T17:39:40,E3_SVM_BoW,2ad3c9ef-6d0d-4594-9147-86b570e629e8,7.568716526031494,0.0001285193171511,0.0169803316994492,83.66253437907031,25.292,94.24320173263553,0.0001758891090445,5.312813912789027e-05,0.0001979572274127,0.0004269744755851,Germany,DEU,land berlin,,,Linux-5.15.0-57-generic-x86_64-with-glibc2.35,3.10.6,32,AMD EPYC 7302P 16-Core Processor,1,1 x Tesla V100S-PCIE-32GB,13.4069,52.5196,251.31520462036133,machine,N
2023-01-13T17:40:17,E3_XGBoost_BoW,0447715e-cc16-4b66-bfae-5e1a4917caf8,31.49265623092652,0.0005587494756371,0.017742214932269,64.47423402401783,25.282,94.24320173263553,0.0008112684156808,0.000221417730808,0.0008236244038006,0.0018563105502895,Germany,DEU,land berlin,,,Linux-5.15.0-57-generic-x86_64-with-glibc2.35,3.10.6,32,AMD EPYC 7302P 16-Core Processor,1,1 x Tesla V100S-PCIE-32GB,13.4069,52.5196,251.31520462036133,machine,N
2023-01-13T17:40:23,E3_RandomForest_BoW,a80cd8ab-82ce-433f-a830-a5d0656fe282,0.4763126373291015,7.820957100353364e-06,0.0164197976022827,79.11261668877862,25.191,94.24320173263553,1.0462648092334284e-05,3.275443493127823e-06,1.2245154595113851e-05,2.598324618057596e-05,Germany,DEU,land berlin,,,Linux-5.15.0-57-generic-x86_64-with-glibc2.35,3.10.6,32,AMD EPYC 7302P 16-Core Processor,1,1 x Tesla V100S-PCIE-32GB,13.4069,52.5196,251.31520462036133,machine,N
2023-01-13T17:40:36,E3_AdaBoost_BoW,e2c7289a-47cb-41d6-80d5-7bb25028d260,8.091925621032715,0.0001434955742892,0.0177331800871058,92.65825430728616,25.289,94.24320173263553,0.0002082676663362,5.6799458404249614e-05,0.000211662357948,0.0004767294826885,Germany,DEU,land berlin,,,Linux-5.15.0-57-generic-x86_64-with-glibc2.35,3.10.6,32,AMD EPYC 7302P 16-Core Processor,1,1 x Tesla V100S-PCIE-32GB,13.4069,52.5196,251.31520462036133,machine,N
2023-01-13T17:40:58,E3_NaiveBayes_Fasttext_Wiki,d2840628-ec4b-48e9-ba4c-0c6db6084442,16.90071725845337,0.0002526592430122,0.0149496165842227,60.244174262049214,25.275,94.24320173263553,0.0002794448905001,0.0001187636712118,0.0004411909167339,0.0008393994784459,Germany,DEU,land berlin,,,Linux-5.15.0-57-generic-x86_64-with-glibc2.35,3.10.6,32,AMD EPYC 7302P 16-Core Processor,1,1 x Tesla V100S-PCIE-32GB,13.4069,52.5196,251.31520462036133,machine,N
2023-01-13T17:41:23,E3_LogReg_Fasttext_Wiki,09319ab7-8892-434f-84f1-9ab74633de9e,19.39218497276306,0.0002959326578414,0.0152604081622106,77.66452491594558,25.386,94.24320173263553,0.0003411028356598,0.0001359132077133,0.0005061489328442,0.0009831649762174,Germany,DEU,land berlin,,,Linux-5.15.0-57-generic-x86_64-with-glibc2.35,3.10.6,32,AMD EPYC 7302P 16-Core Processor,1,1 x Tesla V100S-PCIE-32GB,13.4069,52.5196,251.31520462036133,machine,N
2023-01-13T17:41:51,E3_SVM_Fasttext_Wiki,b36a1b95-91e3-4fa0-8d65-e53ffca476ed,21.888400554656982,0.0003447344943644,0.0157496429902971,91.10802134637056,25.379,94.24320173263553,0.0004197008660382,0.0001536338701399,0.0005719625872918,0.0011452973234699,Germany,DEU,land berlin,,,Linux-5.15.0-57-generic-x86_64-with-glibc2.35,3.10.6,32,AMD EPYC 7302P 16-Core Processor,1,1 x Tesla V100S-PCIE-32GB,13.4069,52.5196,251.31520462036133,machine,N
2023-01-13T17:43:45,E3_XGBoost_Fasttext_Wiki,442a4067-a9f1-4006-b94a-aa13b1651b2a,108.9305169582367,0.001852848215175,0.0170094503075337,81.0450169043854,25.386,94.24320173263553,0.0025398650971682,0.0007669780183831,0.0028487987953292,0.0061556419108806,Germany,DEU,land berlin,,,Linux-5.15.0-57-generic-x86_64-with-glibc2.35,3.10.6,32,AMD EPYC 7302P 16-Core Processor,1,1 x Tesla V100S-PCIE-32GB,13.4069,52.5196,251.31520462036133,machine,N
2023-01-13T17:44:09,E3_RandomForest_Fasttext_Wiki,9ce92914-2561-4ea6-9329-f25d10cf0579,18.65912103652954,0.00028351441512,0.0151944142794822,75.16490208840064,25.292,94.24320173263553,0.0003235930374853,0.0001307991151071,0.0004875162032879,0.0009419083558805,Germany,DEU,land berlin,,,Linux-5.15.0-57-generic-x86_64-with-glibc2.35,3.10.6,32,AMD EPYC 7302P 16-Core Processor,1,1 x Tesla V100S-PCIE-32GB,13.4069,52.5196,251.31520462036133,machine,N
2023-01-13T17:44:57,E3_AdaBoost_Fasttext_Wiki,4d62f9a6-c3ce-4955-a2ae-5491b1a54057,42.93551754951477,0.000707628887925,0.0164812008405162,89.35199353501382,25.389,94.24320173263553,0.000927267114313,0.0003014703925783,0.0011221890310656,0.002350926537957,Germany,DEU,land berlin,,,Linux-5.15.0-57-generic-x86_64-with-glibc2.35,3.10.6,32,AMD EPYC 7302P 16-Core Processor,1,1 x Tesla V100S-PCIE-32GB,13.4069,52.5196,251.31520462036133,machine,N
2023-01-13T17:45:19,E3_NaiveBayes_Word2Vec,56835921-e1f3-4161-8f1c-53d2552b9c63,16.27426242828369,0.0002427084186362,0.0149136355460554,60.44360059511521,25.373000000000005,94.24320173263553,0.0002677876295077,0.0001139461404194,0.0004246064913229,0.0008063402612501,Germany,DEU,land berlin,,,Linux-5.15.0-57-generic-x86_64-with-glibc2.35,3.10.6,32,AMD EPYC 7302P 16-Core Processor,1,1 x Tesla V100S-PCIE-32GB,13.4069,52.5196,251.31520462036133,machine,N
2023-01-13T17:45:42,E3_LogReg_Word2Vec,0d5b9e15-d843-4b53-aeb5-4ee2b1adcc34,17.453912496566772,0.0002642057670063,0.0151373376633048,78.78867589554693,25.389,94.24320173263553,0.0002990687753659,0.0001227802173039,0.0004559110306068,0.0008777600232767,Germany,DEU,land berlin,,,Linux-5.15.0-57-generic-x86_64-with-glibc2.35,3.10.6,32,AMD EPYC 7302P 16-Core Processor,1,1 x Tesla V100S-PCIE-32GB,13.4069,52.5196,251.31520462036133,machine,N
2023-01-13T17:46:09,E3_SVM_Word2Vec,779fcb66-ee84-4623-a541-75dea82719a5,21.495521068573,0.0003388220193344,0.015762447360711,93.6757226638032,25.289,94.24320173263553,0.0004133701979181,0.0001509961502061,0.0005612882011595,0.0011256545492838,Germany,DEU,land berlin,,,Linux-5.15.0-57-generic-x86_64-with-glibc2.35,3.10.6,32,AMD EPYC 7302P 16-Core Processor,1,1 x Tesla V100S-PCIE-32GB,13.4069,52.5196,251.31520462036133,machine,N
2023-01-13T17:48:04,E3_XGBoost_Word2Vec,79d3f935-d420-4e65-b193-ffcb0d2db545,109.68222379684448,0.0018589078104933,0.0169481229149442,67.18390975541037,25.275,94.24320173263553,0.0025390620681924,0.0007684443042163,0.0028682670843796,0.0061757734567885,Germany,DEU,land berlin,,,Linux-5.15.0-57-generic-x86_64-with-glibc2.35,3.10.6,32,AMD EPYC 7302P 16-Core Processor,1,1 x Tesla V100S-PCIE-32GB,13.4069,52.5196,251.31520462036133,machine,N
2023-01-13T17:48:28,E3_RandomForest_Word2Vec,9681d9e1-9394-4001-a8f4-848dca0bb30f,18.03835105895996,0.0002735009687814,0.0151621934780774,78.06495951259022,25.289,94.24320173263553,0.000312056751034,0.000125882549464,0.0004707017917989,0.0009086410922971,Germany,DEU,land berlin,,,Linux-5.15.0-57-generic-x86_64-with-glibc2.35,3.10.6,32,AMD EPYC 7302P 16-Core Processor,1,1 x Tesla V100S-PCIE-32GB,13.4069,52.5196,251.31520462036133,machine,N
2023-01-13T17:49:15,E3_AdaBoost_Word2Vec,9fcbe4c4-46b4-4b69-b827-c96b32aecc04,41.90519165992737,0.0006920197770275,0.0165139389563825,89.28787382522354,25.292,94.24320173263553,0.000909905403757,0.0002938962073995,0.001095267415513,0.0022990690266696,Germany,DEU,land berlin,,,Linux-5.15.0-57-generic-x86_64-with-glibc2.35,3.10.6,32,AMD EPYC 7302P 16-Core Processor,1,1 x Tesla V100S-PCIE-32GB,13.4069,52.5196,251.31520462036133,machine,N
2023-01-13T17:49:31,E4_NaiveBayes_GloVe,82828786-e7f4-4e04-ad35-ffc392476c35,10.158878803253174,0.0001517239703923,0.0149351098020496,59.15912138921296,25.275,94.24320173263553,0.0001669381107726,7.1296011586984e-05,0.0002658322244586,0.0005040663468182,Germany,DEU,land berlin,,,Linux-5.15.0-57-generic-x86_64-with-glibc2.35,3.10.6,32,AMD EPYC 7302P 16-Core Processor,1,1 x Tesla V100S-PCIE-32GB,13.4069,52.5196,251.31520462036133,machine,N
2023-01-13T17:49:49,E4_LogReg_GloVe,827799e0-e807-4b7f-aeb2-910c136b2c46,12.635749101638794,0.0001960098851316,0.0155123280428411,66.09227432925626,25.292,94.24320173263553,0.0002319754641913,8.870309778875776e-05,0.0003305170696865,0.0006511956316666,Germany,DEU,land berlin,,,Linux-5.15.0-57-generic-x86_64-with-glibc2.35,3.10.6,32,AMD EPYC 7302P 16-Core Processor,1,1 x Tesla V100S-PCIE-32GB,13.4069,52.5196,251.31520462036133,machine,N
2023-01-13T17:50:09,E4_SVM_GloVe,341c9d2c-90fa-459b-b632-977140e68469,15.072110176086426,0.0002413339284129,0.0160119535747434,55.72592662456907,25.289,94.24320173263553,0.0003021931836987,0.0001056993099221,0.0003938813549268,0.0008017738485478,Germany,DEU,land berlin,,,Linux-5.15.0-57-generic-x86_64-with-glibc2.35,3.10.6,32,AMD EPYC 7302P 16-Core Processor,1,1 x Tesla V100S-PCIE-32GB,13.4069,52.5196,251.31520462036133,machine,N
2023-01-13T17:51:53,E4_XGBoost_GloVe,fabe5a59-7f45-4c6c-8539-70597e2f7412,98.49686336517334,0.0016880577477901,0.0171381878581427,86.41609669673608,25.275,94.24320173263553,0.0023410118361413,0.0006912246055532,0.0025759288333557,0.0056081652750503,Germany,DEU,land berlin,,,Linux-5.15.0-57-generic-x86_64-with-glibc2.35,3.10.6,32,AMD EPYC 7302P 16-Core Processor,1,1 x Tesla V100S-PCIE-32GB,13.4069,52.5196,251.31520462036133,machine,N
2023-01-13T17:52:11,E4_RandomForest_GloVe,83c59638-c2bf-47a6-b92f-6a07fe84846b,11.996409893035889,0.0001839103947504,0.0153304527262927,63.89605395860785,25.289,94.24320173263553,0.000212919389502,8.422198290189108e-05,0.0003138566168001,0.000610997989204,Germany,DEU,land berlin,,,Linux-5.15.0-57-generic-x86_64-with-glibc2.35,3.10.6,32,AMD EPYC 7302P 16-Core Processor,1,1 x Tesla V100S-PCIE-32GB,13.4069,52.5196,251.31520462036133,machine,N
2023-01-13T17:52:52,E4_AdaBoost_GloVe,428b6d3c-aa60-4414-9dec-76a0d2615256,35.46644592285156,0.0005937531778171,0.0167412652259747,86.69520001987134,25.289,94.24320173263553,0.000795720840465,0.0002490146866114,0.0009278663925818,0.0019726019196582,Germany,DEU,land berlin,,,Linux-5.15.0-57-generic-x86_64-with-glibc2.35,3.10.6,32,AMD EPYC 7302P 16-Core Processor,1,1 x Tesla V100S-PCIE-32GB,13.4069,52.5196,251.31520462036133,machine,N
2023-01-13T17:52:57,E4_NaiveBayes_Tf-idf,9de9de56-5755-434f-81e5-a0cb3b3a130a,0.1468939781188964,2.1311928724682017e-06,0.0145083746778455,60.29011234673239,25.275,94.24320173263553,2.4565569652437464e-06,9.79673390587171e-07,3.644144635757793e-06,7.08037499158871e-06,Germany,DEU,land berlin,,,Linux-5.15.0-57-generic-x86_64-with-glibc2.35,3.10.6,32,AMD EPYC 7302P 16-Core Processor,1,1 x Tesla V100S-PCIE-32GB,13.4069,52.5196,251.31520462036133,machine,N
2023-01-13T17:53:04,E4_LogReg_Tf-idf,c9a12b46-e699-42fe-9bc8-28b520a6491c,1.6367175579071045,2.8630081463045943e-05,0.0174923775484242,90.40950229746318,25.292,94.24320173263553,4.109887149018193e-05,1.143124452961816e-05,4.2586433691316e-05,9.511654971111608e-05,Germany,DEU,land berlin,,,Linux-5.15.0-57-generic-x86_64-with-glibc2.35,3.10.6,32,AMD EPYC 7302P 16-Core Processor,1,1 x Tesla V100S-PCIE-32GB,13.4069,52.5196,251.31520462036133,machine,N
2023-01-13T17:53:18,E4_SVM_Tf-idf,d006f96b-469a-4ac0-90a0-0e00a4f267bf,8.032615184783936,0.0001362101645,0.0169571380386906,83.40128129585271,25.292,94.24320173263553,0.000186087076925,5.637662508090337e-05,0.0002100617614493,0.0004525254634553,Germany,DEU,land berlin,,,Linux-5.15.0-57-generic-x86_64-with-glibc2.35,3.10.6,32,AMD EPYC 7302P 16-Core Processor,1,1 x Tesla V100S-PCIE-32GB,13.4069,52.5196,251.31520462036133,machine,N
2023-01-13T17:53:55,E4_XGBoost_Tf-idf,e28bc1dd-620c-4048-bbb8-a1d32edfb180,31.601903200149536,0.0005573407800048,0.0176363042591118,64.56505688515514,25.282,94.24320173263553,0.0008042040028071,0.0002212863880838,0.0008261401074639,0.0018516304983549,Germany,DEU,land berlin,,,Linux-5.15.0-57-generic-x86_64-with-glibc2.35,3.10.6,32,AMD EPYC 7302P 16-Core Processor,1,1 x Tesla V100S-PCIE-32GB,13.4069,52.5196,251.31520462036133,machine,N
2023-01-13T17:54:01,E4_RandomForest_Tf-idf,33248bb3-9d35-4672-be3c-d3e99ec60b60,0.4580039978027344,7.477733122910615e-06,0.0163267857022753,78.77221164085812,25.289,94.24320173263553,1.0016999402481625e-05,3.138526930809021e-06,1.1687440852458909e-05,2.484296718574955e-05,Germany,DEU,land berlin,,,Linux-5.15.0-57-generic-x86_64-with-glibc2.35,3.10.6,32,AMD EPYC 7302P 16-Core Processor,1,1 x Tesla V100S-PCIE-32GB,13.4069,52.5196,251.31520462036133,machine,N
2023-01-13T17:54:15,E4_AdaBoost_Tf-idf,6207c8e7-4dea-44fe-a954-c2bc764aecc8,8.245802402496338,0.0001455796252083,0.0176549980344321,91.68710772185604,25.289,94.24320173263553,0.0002100039771697,5.789696238789294e-05,0.0002157523003373,0.0004836532398949,Germany,DEU,land berlin,,,Linux-5.15.0-57-generic-x86_64-with-glibc2.35,3.10.6,32,AMD EPYC 7302P 16-Core Processor,1,1 x Tesla V100S-PCIE-32GB,13.4069,52.5196,251.31520462036133,machine,N
2023-01-13T17:54:21,E4_NaiveBayes_SentEmbeddings,65727c96-5b68-40cb-8d5a-a6a6f17b6fb4,0.4788093566894531,7.582740401637014e-06,0.0158366587780677,71.04330012072433,25.386,94.24320173263553,9.444586722329954e-06,3.3436784811814624e-06,1.2403563373355745e-05,2.519182857686716e-05,Germany,DEU,land berlin,,,Linux-5.15.0-57-generic-x86_64-with-glibc2.35,3.10.6,32,AMD EPYC 7302P 16-Core Processor,1,1 x Tesla V100S-PCIE-32GB,13.4069,52.5196,251.31520462036133,machine,N
2023-01-13T17:54:33,E4_LogReg_SentEmbeddings,54a0f639-1c96-4a2a-9d87-dd5278b38e0b,7.236699104309082,0.0001236316930792,0.0170839897164694,84.86747876124427,25.289,94.24320173263553,0.0001705950153647,5.080778957731194e-05,0.0001893337169157,0.0004107365218578,Germany,DEU,land berlin,,,Linux-5.15.0-57-generic-x86_64-with-glibc2.35,3.10.6,32,AMD EPYC 7302P 16-Core Processor,1,1 x Tesla V100S-PCIE-32GB,13.4069,52.5196,251.31520462036133,machine,N
2023-01-13T17:55:51,E4_SVM_SentEmbeddings,71b5a3e6-e2f3-49ed-b877-c535ea8b695a,71.7179856300354,0.0012076198860772,0.016838452383574,77.39973554984311,25.373000000000005,94.24320173263553,0.0016334965051294,0.0005034910797476,0.0018750386147148,0.004012026199592,Germany,DEU,land berlin,,,Linux-5.15.0-57-generic-x86_64-with-glibc2.35,3.10.6,32,AMD EPYC 7302P 16-Core Processor,1,1 x Tesla V100S-PCIE-32GB,13.4069,52.5196,251.31520462036133,machine,N
2023-01-13T18:01:14,E4_XGBoost_SentEmbeddings,4b7a2603-a833-4a1b-b447-8bed5ff6bd53,317.9507963657379,0.0055585586620055,0.0174824492517124,69.43820443792455,25.275,94.24320173263553,0.0079157329775813,0.0022349795080735,0.0083162598133669,0.0184669722990218,Germany,DEU,land berlin,,,Linux-5.15.0-57-generic-x86_64-with-glibc2.35,3.10.6,32,AMD EPYC 7302P 16-Core Processor,1,1 x Tesla V100S-PCIE-32GB,13.4069,52.5196,251.31520462036133,machine,N
2023-01-13T18:01:23,E4_RandomForest_SentEmbeddings,70937990-6b28-497a-a6e3-6b7646df1055,3.8826663494110094,6.812984609582627e-05,0.0175471802016058,90.4770162938033,25.289,94.24320173263553,9.757491583764837e-05,2.72461202795638e-05,0.0001015239675234,0.0002263450036406,Germany,DEU,land berlin,,,Linux-5.15.0-57-generic-x86_64-with-glibc2.35,3.10.6,32,AMD EPYC 7302P 16-Core Processor,1,1 x Tesla V100S-PCIE-32GB,13.4069,52.5196,251.31520462036133,machine,N
2023-01-13T18:02:58,E4_AdaBoost_SentEmbeddings,98001e08-693a-41ba-b4be-d53b0a727812,89.37259531021118,0.0015860518101821,0.0177465117207017,92.79716766070544,25.386,94.24320173263553,0.0023030734669017,0.0006285527988136,0.0023376488511689,0.0052692751168843,Germany,DEU,land berlin,,,Linux-5.15.0-57-generic-x86_64-with-glibc2.35,3.10.6,32,AMD EPYC 7302P 16-Core Processor,1,1 x Tesla V100S-PCIE-32GB,13.4069,52.5196,251.31520462036133,machine,N
2023-01-13T18:03:04,E4_NaiveBayes_BoW,36d991a9-e392-418b-ae0a-25cfc739c066,0.4110932350158691,6.808581838774885e-06,0.0165621354448025,80.69431715208067,25.379,94.24320173263553,9.209875979007688e-06,2.8471401244401934e-06,1.0562857115073332e-05,2.261987321852121e-05,Germany,DEU,land berlin,,,Linux-5.15.0-57-generic-x86_64-with-glibc2.35,3.10.6,32,AMD EPYC 7302P 16-Core Processor,1,1 x Tesla V100S-PCIE-32GB,13.4069,52.5196,251.31520462036133,machine,N
2023-01-13T18:03:12,E4_LogReg_BoW,d4dabfd7-3095-4409-92ad-343b17cea389,2.423111915588379,4.2423593734760586e-05,0.0175078969575614,90.25255426123942,25.292,94.24320173263553,6.074220609372447e-05,1.6971220535437267e-05,6.32287452471193e-05,0.0001409421718762,Germany,DEU,land berlin,,,Linux-5.15.0-57-generic-x86_64-with-glibc2.35,3.10.6,32,AMD EPYC 7302P 16-Core Processor,1,1 x Tesla V100S-PCIE-32GB,13.4069,52.5196,251.31520462036133,machine,N
2023-01-13T18:03:24,E4_SVM_BoW,a496173a-b256-4e6d-8c53-8a49fe8ffcec,6.989546537399292,0.0001185672571238,0.0169635120804262,83.5635517634588,25.292,94.24320173263553,0.0001622372611785,4.902091244724062e-05,0.0001826529796096,0.0003939111532354,Germany,DEU,land berlin,,,Linux-5.15.0-57-generic-x86_64-with-glibc2.35,3.10.6,32,AMD EPYC 7302P 16-Core Processor,1,1 x Tesla V100S-PCIE-32GB,13.4069,52.5196,251.31520462036133,machine,N
2023-01-13T18:03:59,E4_XGBoost_BoW,47c62509-76c7-4e67-894b-84c1fb6606e7,29.04016184806824,0.0005178724559528,0.0178329741639276,93.19154762119486,25.289,94.24320173263553,0.0007575933652408,0.0002037243957377,0.0007591887372037,0.0017205064981823,Germany,DEU,land berlin,,,Linux-5.15.0-57-generic-x86_64-with-glibc2.35,3.10.6,32,AMD EPYC 7302P 16-Core Processor,1,1 x Tesla V100S-PCIE-32GB,13.4069,52.5196,251.31520462036133,machine,N
2023-01-13T18:04:05,E4_RandomForest_BoW,166bea67-6ee0-406e-8c7e-b81fe1633d1f,0.4591348171234131,7.424548617966472e-06,0.0161707375286479,78.94057284748179,25.275,94.24320173263553,1.0063252495039893e-05,3.0899805823961896e-06,1.1513041400857846e-05,2.466627447829393e-05,Germany,DEU,land berlin,,,Linux-5.15.0-57-generic-x86_64-with-glibc2.35,3.10.6,32,AMD EPYC 7302P 16-Core Processor,1,1 x Tesla V100S-PCIE-32GB,13.4069,52.5196,251.31520462036133,machine,N
2023-01-13T18:04:18,E4_AdaBoost_BoW,3c69fcbe-5598-4bb3-9b46-5d4cd28eb934,7.671896457672119,0.0001360391500124,0.0177321410374824,92.7730254827178,25.289,94.24320173263553,0.0001977013106609,5.379397114098073e-05,0.0002004620272094,0.0004519573090113,Germany,DEU,land berlin,,,Linux-5.15.0-57-generic-x86_64-with-glibc2.35,3.10.6,32,AMD EPYC 7302P 16-Core Processor,1,1 x Tesla V100S-PCIE-32GB,13.4069,52.5196,251.31520462036133,machine,N
2023-01-13T18:04:40,E4_NaiveBayes_Fasttext_Wiki,06cf19cd-b1e2-414a-ba79-aad7f512020b,16.31961941719055,0.0002439582892677,0.0149487731932532,60.858071614998885,25.373000000000005,94.24320173263553,0.000270360380177,0.000114274866328,0.0004258574088696,0.0008104926553747,Germany,DEU,land berlin,,,Linux-5.15.0-57-generic-x86_64-with-glibc2.35,3.10.6,32,AMD EPYC 7302P 16-Core Processor,1,1 x Tesla V100S-PCIE-32GB,13.4069,52.5196,251.31520462036133,machine,N
2023-01-13T18:05:04,E4_LogReg_Fasttext_Wiki,5d89d451-c9c8-4309-ad15-39766b63b90a,18.611958265304565,0.0002841367124563,0.0152663523314506,80.18398826492134,25.386,94.24320173263553,0.0003270065727161,0.0001309057549517,0.0004860634612238,0.0009439757888916,Germany,DEU,land berlin,,,Linux-5.15.0-57-generic-x86_64-with-glibc2.35,3.10.6,32,AMD EPYC 7302P 16-Core Processor,1,1 x Tesla V100S-PCIE-32GB,13.4069,52.5196,251.31520462036133,machine,N
2023-01-13T18:05:30,E4_SVM_Fasttext_Wiki,59dd1a20-3ae1-4211-8e64-5f6e8a250484,20.95388984680176,0.0003282545651766,0.0156655669938401,90.85707307102513,25.386,94.24320173263553,0.0003960123443096,0.0001473712774929,0.0005471631063589,0.0010905467281615,Germany,DEU,land berlin,,,Linux-5.15.0-57-generic-x86_64-with-glibc2.35,3.10.6,32,AMD EPYC 7302P 16-Core Processor,1,1 x Tesla V100S-PCIE-32GB,13.4069,52.5196,251.31520462036133,machine,N
2023-01-13T18:07:21,E4_XGBoost_Fasttext_Wiki,6285284c-d819-4fde-be63-5e9cb4abd05b,104.97189474105836,0.001785690206337,0.0170111267472305,87.07006615502354,25.386,94.24320173263553,0.0024486668564319,0.0007380401742287,0.0027458185717881,0.0059325256024487,Germany,DEU,land berlin,,,Linux-5.15.0-57-generic-x86_64-with-glibc2.35,3.10.6,32,AMD EPYC 7302P 16-Core Processor,1,1 x Tesla V100S-PCIE-32GB,13.4069,52.5196,251.31520462036133,machine,N
2023-01-13T18:07:44,E4_RandomForest_Fasttext_Wiki,1dd2ff89-fbe6-4473-a03d-757f80ed0e25,18.154747009277344,0.0002756597852527,0.0151838957112364,77.03015814745362,25.289,94.24320173263553,0.0003142558547378,0.0001272545712594,0.0004743028140451,0.0009158132400423,Germany,DEU,land berlin,,,Linux-5.15.0-57-generic-x86_64-with-glibc2.35,3.10.6,32,AMD EPYC 7302P 16-Core Processor,1,1 x Tesla V100S-PCIE-32GB,13.4069,52.5196,251.31520462036133,machine,N
2023-01-13T18:08:31,E4_AdaBoost_Fasttext_Wiki,e2ca6674-9b69-4ed0-b3d2-11923be643b0,41.484755754470825,0.000683492942844,0.016475761527664,88.91867759201347,25.192,94.24320173263553,0.000895221440621,0.0002910926579455,0.0010844265753339,0.0022707406739004,Germany,DEU,land berlin,,,Linux-5.15.0-57-generic-x86_64-with-glibc2.35,3.10.6,32,AMD EPYC 7302P 16-Core Processor,1,1 x Tesla V100S-PCIE-32GB,13.4069,52.5196,251.31520462036133,machine,N
2023-01-13T18:08:53,E4_NaiveBayes_Word2Vec,eb87ebf5-5596-4bff-afb1-30d79182ab86,15.700778484344482,0.0002341905455928,0.014915855658137,60.936644580260726,25.373000000000005,94.24320173263553,0.0002581492998526,0.0001102952763103,0.0004095971035475,0.0007780416797105,Germany,DEU,land berlin,,,Linux-5.15.0-57-generic-x86_64-with-glibc2.35,3.10.6,32,AMD EPYC 7302P 16-Core Processor,1,1 x Tesla V100S-PCIE-32GB,13.4069,52.5196,251.31520462036133,machine,N
2023-01-13T18:09:15,E4_LogReg_Word2Vec,84f740d4-497f-477e-8191-e38ae5c8da73,16.996504545211792,0.0002567002225117,0.0151031185164541,81.19629626051002,25.289,94.24320173263553,0.0002897740687635,0.0001191044223204,0.0004439461684236,0.0008528246595075,Germany,DEU,land berlin,,,Linux-5.15.0-57-generic-x86_64-with-glibc2.35,3.10.6,32,AMD EPYC 7302P 16-Core Processor,1,1 x Tesla V100S-PCIE-32GB,13.4069,52.5196,251.31520462036133,machine,N
2023-01-13T18:09:41,E4_SVM_Word2Vec,9faef5fa-bf81-4ee1-907c-7488c5af3f1b,20.342738389968872,0.0003192390365801,0.015693021778108,95.920294594353,25.289,94.24320173263553,0.0003864359199818,0.0001429245436861,0.000531234342246,0.001060594805914,Germany,DEU,land berlin,,,Linux-5.15.0-57-generic-x86_64-with-glibc2.35,3.10.6,32,AMD EPYC 7302P 16-Core Processor,1,1 x Tesla V100S-PCIE-32GB,13.4069,52.5196,251.31520462036133,machine,N
2023-01-13T18:11:30,E4_XGBoost_Word2Vec,139d6f71-a27d-47d8-9b60-a1f39203b3d0,104.13880848884584,0.0017694911563166,0.016991659324642,85.54056118487411,25.282,94.24320173263553,0.0024230822809642,0.0007313849051952,0.0027242409743607,0.0058787081605202,Germany,DEU,land berlin,,,Linux-5.15.0-57-generic-x86_64-with-glibc2.35,3.10.6,32,AMD EPYC 7302P 16-Core Processor,1,1 x Tesla V100S-PCIE-32GB,13.4069,52.5196,251.31520462036133,machine,N
2023-01-13T18:11:53,E4_RandomForest_Word2Vec,e84d07be-9704-4d6d-b685-c409c654fde0,17.41924810409546,0.0002644784579351,0.0151831156175453,82.09956500752736,25.289,94.24320173263553,0.000301608301842,0.00012207122249,0.0004549864488745,0.0008786659732066,Germany,DEU,land berlin,,,Linux-5.15.0-57-generic-x86_64-with-glibc2.35,3.10.6,32,AMD EPYC 7302P 16-Core Processor,1,1 x Tesla V100S-PCIE-32GB,13.4069,52.5196,251.31520462036133,machine,N
2023-01-13T18:12:40,E4_AdaBoost_Word2Vec,efe4c3b1-ed84-429c-ade7-78b549c47bc4,40.71033334732056,0.0006716735804874947,0.01649884747337011,89.14243567451332,25.386,94.24320173263551,0.0008806791434316404,0.0002863275390349494,0.0010644670068606353,0.002231473689327225,Germany,DEU,land berlin,,,Linux-5.15.0-57-generic-x86_64-with-glibc2.35,3.10.6,32,AMD EPYC 7302P 16-Core Processor,1,1 x Tesla V100S-PCIE-32GB,13.4069,52.5196,251.31520462036133,machine,N
